Copyright 1986-2022 Xilinx, Inc. All Rights Reserved. Copyright 2022-2023 Advanced Micro Devices, Inc. All Rights Reserved.
------------------------------------------------------------------------------------------------------------------------------------------------------------------------------------------------------
| Tool Version : Vivado v.2023.1 (win64) Build 3865809 Sun May  7 15:05:29 MDT 2023
| Date         : Thu Jun 20 12:27:42 2024
| Host         : DESKTOP-0DO9HHF running 64-bit major release  (build 9200)
| Command      : report_timing_summary -max_paths 10 -report_unconstrained -file top_timing_summary_routed.rpt -pb top_timing_summary_routed.pb -rpx top_timing_summary_routed.rpx -warn_on_violation
| Design       : top
| Device       : 7a100t-csg324
| Speed File   : -1  PRODUCTION 1.23 2018-06-13
| Design State : Routed
------------------------------------------------------------------------------------------------------------------------------------------------------------------------------------------------------

Timing Summary Report

------------------------------------------------------------------------------------------------
| Timer Settings
| --------------
------------------------------------------------------------------------------------------------

  Enable Multi Corner Analysis               :  Yes
  Enable Pessimism Removal                   :  Yes
  Pessimism Removal Resolution               :  Nearest Common Node
  Enable Input Delay Default Clock           :  No
  Enable Preset / Clear Arcs                 :  No
  Disable Flight Delays                      :  No
  Ignore I/O Paths                           :  No
  Timing Early Launch at Borrowing Latches   :  No
  Borrow Time for Max Delay Exceptions       :  Yes
  Merge Timing Exceptions                    :  Yes

  Corner  Analyze    Analyze    
  Name    Max Paths  Min Paths  
  ------  ---------  ---------  
  Slow    Yes        Yes        
  Fast    Yes        Yes        


------------------------------------------------------------------------------------------------
| Report Methodology
| ------------------
------------------------------------------------------------------------------------------------

Rule       Severity  Description                    Violations  
---------  --------  -----------------------------  ----------  
TIMING-18  Warning   Missing input or output delay  7           

Note: This report is based on the most recent report_methodology run and may not be up-to-date. Run report_methodology on the current design for the latest report.



check_timing report

Table of Contents
-----------------
1. checking no_clock (0)
2. checking constant_clock (0)
3. checking pulse_width_clock (0)
4. checking unconstrained_internal_endpoints (0)
5. checking no_input_delay (4)
6. checking no_output_delay (3)
7. checking multiple_clock (0)
8. checking generated_clocks (0)
9. checking loops (0)
10. checking partial_input_delay (0)
11. checking partial_output_delay (0)
12. checking latch_loops (0)

1. checking no_clock (0)
------------------------
 There are 0 register/latch pins with no clock.


2. checking constant_clock (0)
------------------------------
 There are 0 register/latch pins with constant_clock.


3. checking pulse_width_clock (0)
---------------------------------
 There are 0 register/latch pins which need pulse_width check


4. checking unconstrained_internal_endpoints (0)
------------------------------------------------
 There are 0 pins that are not constrained for maximum delay.

 There are 0 pins that are not constrained for maximum delay due to constant clock.


5. checking no_input_delay (4)
------------------------------
 There are 4 input ports with no input delay specified. (HIGH)

 There are 0 input ports with no input delay but user has a false path constraint.


6. checking no_output_delay (3)
-------------------------------
 There are 3 ports with no output delay specified. (HIGH)

 There are 0 ports with no output delay but user has a false path constraint

 There are 0 ports with no output delay but with a timing clock defined on it or propagating through it


7. checking multiple_clock (0)
------------------------------
 There are 0 register/latch pins with multiple clocks.


8. checking generated_clocks (0)
--------------------------------
 There are 0 generated clocks that are not connected to a clock source.


9. checking loops (0)
---------------------
 There are 0 combinational loops in the design.


10. checking partial_input_delay (0)
------------------------------------
 There are 0 input ports with partial input delay specified.


11. checking partial_output_delay (0)
-------------------------------------
 There are 0 ports with partial output delay specified.


12. checking latch_loops (0)
----------------------------
 There are 0 combinational latch loops in the design through latch input



------------------------------------------------------------------------------------------------
| Design Timing Summary
| ---------------------
------------------------------------------------------------------------------------------------

    WNS(ns)      TNS(ns)  TNS Failing Endpoints  TNS Total Endpoints      WHS(ns)      THS(ns)  THS Failing Endpoints  THS Total Endpoints     WPWS(ns)     TPWS(ns)  TPWS Failing Endpoints  TPWS Total Endpoints  
    -------      -------  ---------------------  -------------------      -------      -------  ---------------------  -------------------     --------     --------  ----------------------  --------------------  
      3.443        0.000                      0                 1281        0.094        0.000                      0                 1281        3.750        0.000                       0                   493  


All user specified timing constraints are met.


------------------------------------------------------------------------------------------------
| Clock Summary
| -------------
------------------------------------------------------------------------------------------------

Clock        Waveform(ns)       Period(ns)      Frequency(MHz)
-----        ------------       ----------      --------------
sys_clk_pin  {0.000 5.000}      10.000          100.000         


------------------------------------------------------------------------------------------------
| Intra Clock Table
| -----------------
------------------------------------------------------------------------------------------------

Clock             WNS(ns)      TNS(ns)  TNS Failing Endpoints  TNS Total Endpoints      WHS(ns)      THS(ns)  THS Failing Endpoints  THS Total Endpoints     WPWS(ns)     TPWS(ns)  TPWS Failing Endpoints  TPWS Total Endpoints  
-----             -------      -------  ---------------------  -------------------      -------      -------  ---------------------  -------------------     --------     --------  ----------------------  --------------------  
sys_clk_pin         3.443        0.000                      0                 1281        0.094        0.000                      0                 1281        3.750        0.000                       0                   493  


------------------------------------------------------------------------------------------------
| Inter Clock Table
| -----------------
------------------------------------------------------------------------------------------------

From Clock    To Clock          WNS(ns)      TNS(ns)  TNS Failing Endpoints  TNS Total Endpoints      WHS(ns)      THS(ns)  THS Failing Endpoints  THS Total Endpoints  
----------    --------          -------      -------  ---------------------  -------------------      -------      -------  ---------------------  -------------------  


------------------------------------------------------------------------------------------------
| Other Path Groups Table
| -----------------------
------------------------------------------------------------------------------------------------

Path Group    From Clock    To Clock          WNS(ns)      TNS(ns)  TNS Failing Endpoints  TNS Total Endpoints      WHS(ns)      THS(ns)  THS Failing Endpoints  THS Total Endpoints  
----------    ----------    --------          -------      -------  ---------------------  -------------------      -------      -------  ---------------------  -------------------  


------------------------------------------------------------------------------------------------
| User Ignored Path Table
| -----------------------
------------------------------------------------------------------------------------------------

Path Group    From Clock    To Clock    
----------    ----------    --------    
(none)                      sys_clk_pin   


------------------------------------------------------------------------------------------------
| Unconstrained Path Table
| ------------------------
------------------------------------------------------------------------------------------------

Path Group    From Clock    To Clock    
----------    ----------    --------    
(none)        sys_clk_pin                 
(none)                      sys_clk_pin   


------------------------------------------------------------------------------------------------
| Timing Details
| --------------
------------------------------------------------------------------------------------------------


---------------------------------------------------------------------------------------------------
From Clock:  sys_clk_pin
  To Clock:  sys_clk_pin

Setup :            0  Failing Endpoints,  Worst Slack        3.443ns,  Total Violation        0.000ns
Hold  :            0  Failing Endpoints,  Worst Slack        0.094ns,  Total Violation        0.000ns
PW    :            0  Failing Endpoints,  Worst Slack        3.750ns,  Total Violation        0.000ns
---------------------------------------------------------------------------------------------------


Max Delay Paths
--------------------------------------------------------------------------------------
Slack (MET) :             3.443ns  (required time - arrival time)
  Source:                 impl_uart_tx/FSM_sequential_fsm_state_reg[0]/C
                            (rising edge-triggered cell FDRE clocked by sys_clk_pin  {rise@0.000ns fall@5.000ns period=10.000ns})
  Destination:            impl_fifo2/inst/gen_fifo.xpm_fifo_axis_inst/gaxis_pkt_fifo_cc.axis_pkt_cnt_reg[29]/D
                            (rising edge-triggered cell FDRE clocked by sys_clk_pin  {rise@0.000ns fall@5.000ns period=10.000ns})
  Path Group:             sys_clk_pin
  Path Type:              Setup (Max at Slow Process Corner)
  Requirement:            10.000ns  (sys_clk_pin rise@10.000ns - sys_clk_pin rise@0.000ns)
  Data Path Delay:        6.480ns  (logic 2.668ns (41.172%)  route 3.812ns (58.828%))
  Logic Levels:           10  (CARRY4=8 LUT2=1 LUT6=1)
  Clock Path Skew:        -0.104ns (DCD - SCD + CPR)
    Destination Clock Delay (DCD):    4.951ns = ( 14.951 - 10.000 ) 
    Source Clock Delay      (SCD):    5.234ns
    Clock Pessimism Removal (CPR):    0.180ns
  Clock Uncertainty:      0.035ns  ((TSJ^2 + TIJ^2)^1/2 + DJ) / 2 + PE
    Total System Jitter     (TSJ):    0.071ns
    Total Input Jitter      (TIJ):    0.000ns
    Discrete Jitter          (DJ):    0.000ns
    Phase Error              (PE):    0.000ns

    Location             Delay type                Incr(ns)  Path(ns)    Netlist Resource(s)
  -------------------------------------------------------------------    -------------------
                         (clock sys_clk_pin rise edge)
                                                      0.000     0.000 r  
    E3                                                0.000     0.000 r  clk (IN)
                         net (fo=0)                   0.000     0.000    clk
    E3                   IBUF (Prop_ibuf_I_O)         1.482     1.482 r  clk_IBUF_inst/O
                         net (fo=1, routed)           2.025     3.506    clk_IBUF
    BUFGCTRL_X0Y16       BUFG (Prop_bufg_I_O)         0.096     3.602 r  clk_IBUF_BUFG_inst/O
                         net (fo=492, routed)         1.632     5.234    impl_uart_tx/clk_IBUF_BUFG
    SLICE_X10Y102        FDRE                                         r  impl_uart_tx/FSM_sequential_fsm_state_reg[0]/C
  -------------------------------------------------------------------    -------------------
    SLICE_X10Y102        FDRE (Prop_fdre_C_Q)         0.518     5.752 f  impl_uart_tx/FSM_sequential_fsm_state_reg[0]/Q
                         net (fo=12, routed)          1.433     7.185    impl_uart_tx/fsm_state[0]
    SLICE_X10Y102        LUT2 (Prop_lut2_I1_O)        0.148     7.333 r  impl_uart_tx/impl_fifo2_i_1/O
                         net (fo=36, routed)          1.724     9.057    impl_fifo2/inst/gen_fifo.xpm_fifo_axis_inst/m_axis_tready
    SLICE_X10Y91         LUT6 (Prop_lut6_I0_O)        0.328     9.385 r  impl_fifo2/inst/gen_fifo.xpm_fifo_axis_inst/gaxis_pkt_fifo_cc.axis_pkt_cnt[0]_i_7/O
                         net (fo=1, routed)           0.656    10.041    impl_fifo2/inst/gen_fifo.xpm_fifo_axis_inst/gaxis_pkt_fifo_cc.axis_pkt_cnt[0]_i_7_n_0
    SLICE_X11Y91         CARRY4 (Prop_carry4_S[0]_CO[3])
                                                      0.656    10.697 r  impl_fifo2/inst/gen_fifo.xpm_fifo_axis_inst/gaxis_pkt_fifo_cc.axis_pkt_cnt_reg[0]_i_2/CO[3]
                         net (fo=1, routed)           0.000    10.697    impl_fifo2/inst/gen_fifo.xpm_fifo_axis_inst/gaxis_pkt_fifo_cc.axis_pkt_cnt_reg[0]_i_2_n_0
    SLICE_X11Y92         CARRY4 (Prop_carry4_CI_CO[3])
                                                      0.114    10.811 r  impl_fifo2/inst/gen_fifo.xpm_fifo_axis_inst/gaxis_pkt_fifo_cc.axis_pkt_cnt_reg[4]_i_1/CO[3]
                         net (fo=1, routed)           0.000    10.811    impl_fifo2/inst/gen_fifo.xpm_fifo_axis_inst/gaxis_pkt_fifo_cc.axis_pkt_cnt_reg[4]_i_1_n_0
    SLICE_X11Y93         CARRY4 (Prop_carry4_CI_CO[3])
                                                      0.114    10.925 r  impl_fifo2/inst/gen_fifo.xpm_fifo_axis_inst/gaxis_pkt_fifo_cc.axis_pkt_cnt_reg[8]_i_1/CO[3]
                         net (fo=1, routed)           0.000    10.925    impl_fifo2/inst/gen_fifo.xpm_fifo_axis_inst/gaxis_pkt_fifo_cc.axis_pkt_cnt_reg[8]_i_1_n_0
    SLICE_X11Y94         CARRY4 (Prop_carry4_CI_CO[3])
                                                      0.114    11.039 r  impl_fifo2/inst/gen_fifo.xpm_fifo_axis_inst/gaxis_pkt_fifo_cc.axis_pkt_cnt_reg[12]_i_1/CO[3]
                         net (fo=1, routed)           0.000    11.039    impl_fifo2/inst/gen_fifo.xpm_fifo_axis_inst/gaxis_pkt_fifo_cc.axis_pkt_cnt_reg[12]_i_1_n_0
    SLICE_X11Y95         CARRY4 (Prop_carry4_CI_CO[3])
                                                      0.114    11.153 r  impl_fifo2/inst/gen_fifo.xpm_fifo_axis_inst/gaxis_pkt_fifo_cc.axis_pkt_cnt_reg[16]_i_1/CO[3]
                         net (fo=1, routed)           0.000    11.153    impl_fifo2/inst/gen_fifo.xpm_fifo_axis_inst/gaxis_pkt_fifo_cc.axis_pkt_cnt_reg[16]_i_1_n_0
    SLICE_X11Y96         CARRY4 (Prop_carry4_CI_CO[3])
                                                      0.114    11.267 r  impl_fifo2/inst/gen_fifo.xpm_fifo_axis_inst/gaxis_pkt_fifo_cc.axis_pkt_cnt_reg[20]_i_1/CO[3]
                         net (fo=1, routed)           0.000    11.267    impl_fifo2/inst/gen_fifo.xpm_fifo_axis_inst/gaxis_pkt_fifo_cc.axis_pkt_cnt_reg[20]_i_1_n_0
    SLICE_X11Y97         CARRY4 (Prop_carry4_CI_CO[3])
                                                      0.114    11.381 r  impl_fifo2/inst/gen_fifo.xpm_fifo_axis_inst/gaxis_pkt_fifo_cc.axis_pkt_cnt_reg[24]_i_1/CO[3]
                         net (fo=1, routed)           0.000    11.381    impl_fifo2/inst/gen_fifo.xpm_fifo_axis_inst/gaxis_pkt_fifo_cc.axis_pkt_cnt_reg[24]_i_1_n_0
    SLICE_X11Y98         CARRY4 (Prop_carry4_CI_O[1])
                                                      0.334    11.715 r  impl_fifo2/inst/gen_fifo.xpm_fifo_axis_inst/gaxis_pkt_fifo_cc.axis_pkt_cnt_reg[28]_i_1/O[1]
                         net (fo=1, routed)           0.000    11.715    impl_fifo2/inst/gen_fifo.xpm_fifo_axis_inst/gaxis_pkt_fifo_cc.axis_pkt_cnt_reg[28]_i_1_n_6
    SLICE_X11Y98         FDRE                                         r  impl_fifo2/inst/gen_fifo.xpm_fifo_axis_inst/gaxis_pkt_fifo_cc.axis_pkt_cnt_reg[29]/D
  -------------------------------------------------------------------    -------------------

                         (clock sys_clk_pin rise edge)
                                                     10.000    10.000 r  
    E3                                                0.000    10.000 r  clk (IN)
                         net (fo=0)                   0.000    10.000    clk
    E3                   IBUF (Prop_ibuf_I_O)         1.411    11.411 r  clk_IBUF_inst/O
                         net (fo=1, routed)           1.920    13.331    clk_IBUF
    BUFGCTRL_X0Y16       BUFG (Prop_bufg_I_O)         0.091    13.422 r  clk_IBUF_BUFG_inst/O
                         net (fo=492, routed)         1.528    14.951    impl_fifo2/inst/gen_fifo.xpm_fifo_axis_inst/s_aclk
    SLICE_X11Y98         FDRE                                         r  impl_fifo2/inst/gen_fifo.xpm_fifo_axis_inst/gaxis_pkt_fifo_cc.axis_pkt_cnt_reg[29]/C
                         clock pessimism              0.180    15.131    
                         clock uncertainty           -0.035    15.095    
    SLICE_X11Y98         FDRE (Setup_fdre_C_D)        0.062    15.157    impl_fifo2/inst/gen_fifo.xpm_fifo_axis_inst/gaxis_pkt_fifo_cc.axis_pkt_cnt_reg[29]
  -------------------------------------------------------------------
                         required time                         15.157    
                         arrival time                         -11.715    
  -------------------------------------------------------------------
                         slack                                  3.443    

Slack (MET) :             3.464ns  (required time - arrival time)
  Source:                 impl_uart_tx/FSM_sequential_fsm_state_reg[0]/C
                            (rising edge-triggered cell FDRE clocked by sys_clk_pin  {rise@0.000ns fall@5.000ns period=10.000ns})
  Destination:            impl_fifo2/inst/gen_fifo.xpm_fifo_axis_inst/gaxis_pkt_fifo_cc.axis_pkt_cnt_reg[31]/D
                            (rising edge-triggered cell FDRE clocked by sys_clk_pin  {rise@0.000ns fall@5.000ns period=10.000ns})
  Path Group:             sys_clk_pin
  Path Type:              Setup (Max at Slow Process Corner)
  Requirement:            10.000ns  (sys_clk_pin rise@10.000ns - sys_clk_pin rise@0.000ns)
  Data Path Delay:        6.459ns  (logic 2.647ns (40.980%)  route 3.812ns (59.020%))
  Logic Levels:           10  (CARRY4=8 LUT2=1 LUT6=1)
  Clock Path Skew:        -0.104ns (DCD - SCD + CPR)
    Destination Clock Delay (DCD):    4.951ns = ( 14.951 - 10.000 ) 
    Source Clock Delay      (SCD):    5.234ns
    Clock Pessimism Removal (CPR):    0.180ns
  Clock Uncertainty:      0.035ns  ((TSJ^2 + TIJ^2)^1/2 + DJ) / 2 + PE
    Total System Jitter     (TSJ):    0.071ns
    Total Input Jitter      (TIJ):    0.000ns
    Discrete Jitter          (DJ):    0.000ns
    Phase Error              (PE):    0.000ns

    Location             Delay type                Incr(ns)  Path(ns)    Netlist Resource(s)
  -------------------------------------------------------------------    -------------------
                         (clock sys_clk_pin rise edge)
                                                      0.000     0.000 r  
    E3                                                0.000     0.000 r  clk (IN)
                         net (fo=0)                   0.000     0.000    clk
    E3                   IBUF (Prop_ibuf_I_O)         1.482     1.482 r  clk_IBUF_inst/O
                         net (fo=1, routed)           2.025     3.506    clk_IBUF
    BUFGCTRL_X0Y16       BUFG (Prop_bufg_I_O)         0.096     3.602 r  clk_IBUF_BUFG_inst/O
                         net (fo=492, routed)         1.632     5.234    impl_uart_tx/clk_IBUF_BUFG
    SLICE_X10Y102        FDRE                                         r  impl_uart_tx/FSM_sequential_fsm_state_reg[0]/C
  -------------------------------------------------------------------    -------------------
    SLICE_X10Y102        FDRE (Prop_fdre_C_Q)         0.518     5.752 f  impl_uart_tx/FSM_sequential_fsm_state_reg[0]/Q
                         net (fo=12, routed)          1.433     7.185    impl_uart_tx/fsm_state[0]
    SLICE_X10Y102        LUT2 (Prop_lut2_I1_O)        0.148     7.333 r  impl_uart_tx/impl_fifo2_i_1/O
                         net (fo=36, routed)          1.724     9.057    impl_fifo2/inst/gen_fifo.xpm_fifo_axis_inst/m_axis_tready
    SLICE_X10Y91         LUT6 (Prop_lut6_I0_O)        0.328     9.385 r  impl_fifo2/inst/gen_fifo.xpm_fifo_axis_inst/gaxis_pkt_fifo_cc.axis_pkt_cnt[0]_i_7/O
                         net (fo=1, routed)           0.656    10.041    impl_fifo2/inst/gen_fifo.xpm_fifo_axis_inst/gaxis_pkt_fifo_cc.axis_pkt_cnt[0]_i_7_n_0
    SLICE_X11Y91         CARRY4 (Prop_carry4_S[0]_CO[3])
                                                      0.656    10.697 r  impl_fifo2/inst/gen_fifo.xpm_fifo_axis_inst/gaxis_pkt_fifo_cc.axis_pkt_cnt_reg[0]_i_2/CO[3]
                         net (fo=1, routed)           0.000    10.697    impl_fifo2/inst/gen_fifo.xpm_fifo_axis_inst/gaxis_pkt_fifo_cc.axis_pkt_cnt_reg[0]_i_2_n_0
    SLICE_X11Y92         CARRY4 (Prop_carry4_CI_CO[3])
                                                      0.114    10.811 r  impl_fifo2/inst/gen_fifo.xpm_fifo_axis_inst/gaxis_pkt_fifo_cc.axis_pkt_cnt_reg[4]_i_1/CO[3]
                         net (fo=1, routed)           0.000    10.811    impl_fifo2/inst/gen_fifo.xpm_fifo_axis_inst/gaxis_pkt_fifo_cc.axis_pkt_cnt_reg[4]_i_1_n_0
    SLICE_X11Y93         CARRY4 (Prop_carry4_CI_CO[3])
                                                      0.114    10.925 r  impl_fifo2/inst/gen_fifo.xpm_fifo_axis_inst/gaxis_pkt_fifo_cc.axis_pkt_cnt_reg[8]_i_1/CO[3]
                         net (fo=1, routed)           0.000    10.925    impl_fifo2/inst/gen_fifo.xpm_fifo_axis_inst/gaxis_pkt_fifo_cc.axis_pkt_cnt_reg[8]_i_1_n_0
    SLICE_X11Y94         CARRY4 (Prop_carry4_CI_CO[3])
                                                      0.114    11.039 r  impl_fifo2/inst/gen_fifo.xpm_fifo_axis_inst/gaxis_pkt_fifo_cc.axis_pkt_cnt_reg[12]_i_1/CO[3]
                         net (fo=1, routed)           0.000    11.039    impl_fifo2/inst/gen_fifo.xpm_fifo_axis_inst/gaxis_pkt_fifo_cc.axis_pkt_cnt_reg[12]_i_1_n_0
    SLICE_X11Y95         CARRY4 (Prop_carry4_CI_CO[3])
                                                      0.114    11.153 r  impl_fifo2/inst/gen_fifo.xpm_fifo_axis_inst/gaxis_pkt_fifo_cc.axis_pkt_cnt_reg[16]_i_1/CO[3]
                         net (fo=1, routed)           0.000    11.153    impl_fifo2/inst/gen_fifo.xpm_fifo_axis_inst/gaxis_pkt_fifo_cc.axis_pkt_cnt_reg[16]_i_1_n_0
    SLICE_X11Y96         CARRY4 (Prop_carry4_CI_CO[3])
                                                      0.114    11.267 r  impl_fifo2/inst/gen_fifo.xpm_fifo_axis_inst/gaxis_pkt_fifo_cc.axis_pkt_cnt_reg[20]_i_1/CO[3]
                         net (fo=1, routed)           0.000    11.267    impl_fifo2/inst/gen_fifo.xpm_fifo_axis_inst/gaxis_pkt_fifo_cc.axis_pkt_cnt_reg[20]_i_1_n_0
    SLICE_X11Y97         CARRY4 (Prop_carry4_CI_CO[3])
                                                      0.114    11.381 r  impl_fifo2/inst/gen_fifo.xpm_fifo_axis_inst/gaxis_pkt_fifo_cc.axis_pkt_cnt_reg[24]_i_1/CO[3]
                         net (fo=1, routed)           0.000    11.381    impl_fifo2/inst/gen_fifo.xpm_fifo_axis_inst/gaxis_pkt_fifo_cc.axis_pkt_cnt_reg[24]_i_1_n_0
    SLICE_X11Y98         CARRY4 (Prop_carry4_CI_O[3])
                                                      0.313    11.694 r  impl_fifo2/inst/gen_fifo.xpm_fifo_axis_inst/gaxis_pkt_fifo_cc.axis_pkt_cnt_reg[28]_i_1/O[3]
                         net (fo=1, routed)           0.000    11.694    impl_fifo2/inst/gen_fifo.xpm_fifo_axis_inst/gaxis_pkt_fifo_cc.axis_pkt_cnt_reg[28]_i_1_n_4
    SLICE_X11Y98         FDRE                                         r  impl_fifo2/inst/gen_fifo.xpm_fifo_axis_inst/gaxis_pkt_fifo_cc.axis_pkt_cnt_reg[31]/D
  -------------------------------------------------------------------    -------------------

                         (clock sys_clk_pin rise edge)
                                                     10.000    10.000 r  
    E3                                                0.000    10.000 r  clk (IN)
                         net (fo=0)                   0.000    10.000    clk
    E3                   IBUF (Prop_ibuf_I_O)         1.411    11.411 r  clk_IBUF_inst/O
                         net (fo=1, routed)           1.920    13.331    clk_IBUF
    BUFGCTRL_X0Y16       BUFG (Prop_bufg_I_O)         0.091    13.422 r  clk_IBUF_BUFG_inst/O
                         net (fo=492, routed)         1.528    14.951    impl_fifo2/inst/gen_fifo.xpm_fifo_axis_inst/s_aclk
    SLICE_X11Y98         FDRE                                         r  impl_fifo2/inst/gen_fifo.xpm_fifo_axis_inst/gaxis_pkt_fifo_cc.axis_pkt_cnt_reg[31]/C
                         clock pessimism              0.180    15.131    
                         clock uncertainty           -0.035    15.095    
    SLICE_X11Y98         FDRE (Setup_fdre_C_D)        0.062    15.157    impl_fifo2/inst/gen_fifo.xpm_fifo_axis_inst/gaxis_pkt_fifo_cc.axis_pkt_cnt_reg[31]
  -------------------------------------------------------------------
                         required time                         15.157    
                         arrival time                         -11.694    
  -------------------------------------------------------------------
                         slack                                  3.464    

Slack (MET) :             3.538ns  (required time - arrival time)
  Source:                 impl_uart_tx/FSM_sequential_fsm_state_reg[0]/C
                            (rising edge-triggered cell FDRE clocked by sys_clk_pin  {rise@0.000ns fall@5.000ns period=10.000ns})
  Destination:            impl_fifo2/inst/gen_fifo.xpm_fifo_axis_inst/gaxis_pkt_fifo_cc.axis_pkt_cnt_reg[30]/D
                            (rising edge-triggered cell FDRE clocked by sys_clk_pin  {rise@0.000ns fall@5.000ns period=10.000ns})
  Path Group:             sys_clk_pin
  Path Type:              Setup (Max at Slow Process Corner)
  Requirement:            10.000ns  (sys_clk_pin rise@10.000ns - sys_clk_pin rise@0.000ns)
  Data Path Delay:        6.385ns  (logic 2.573ns (40.296%)  route 3.812ns (59.704%))
  Logic Levels:           10  (CARRY4=8 LUT2=1 LUT6=1)
  Clock Path Skew:        -0.104ns (DCD - SCD + CPR)
    Destination Clock Delay (DCD):    4.951ns = ( 14.951 - 10.000 ) 
    Source Clock Delay      (SCD):    5.234ns
    Clock Pessimism Removal (CPR):    0.180ns
  Clock Uncertainty:      0.035ns  ((TSJ^2 + TIJ^2)^1/2 + DJ) / 2 + PE
    Total System Jitter     (TSJ):    0.071ns
    Total Input Jitter      (TIJ):    0.000ns
    Discrete Jitter          (DJ):    0.000ns
    Phase Error              (PE):    0.000ns

    Location             Delay type                Incr(ns)  Path(ns)    Netlist Resource(s)
  -------------------------------------------------------------------    -------------------
                         (clock sys_clk_pin rise edge)
                                                      0.000     0.000 r  
    E3                                                0.000     0.000 r  clk (IN)
                         net (fo=0)                   0.000     0.000    clk
    E3                   IBUF (Prop_ibuf_I_O)         1.482     1.482 r  clk_IBUF_inst/O
                         net (fo=1, routed)           2.025     3.506    clk_IBUF
    BUFGCTRL_X0Y16       BUFG (Prop_bufg_I_O)         0.096     3.602 r  clk_IBUF_BUFG_inst/O
                         net (fo=492, routed)         1.632     5.234    impl_uart_tx/clk_IBUF_BUFG
    SLICE_X10Y102        FDRE                                         r  impl_uart_tx/FSM_sequential_fsm_state_reg[0]/C
  -------------------------------------------------------------------    -------------------
    SLICE_X10Y102        FDRE (Prop_fdre_C_Q)         0.518     5.752 f  impl_uart_tx/FSM_sequential_fsm_state_reg[0]/Q
                         net (fo=12, routed)          1.433     7.185    impl_uart_tx/fsm_state[0]
    SLICE_X10Y102        LUT2 (Prop_lut2_I1_O)        0.148     7.333 r  impl_uart_tx/impl_fifo2_i_1/O
                         net (fo=36, routed)          1.724     9.057    impl_fifo2/inst/gen_fifo.xpm_fifo_axis_inst/m_axis_tready
    SLICE_X10Y91         LUT6 (Prop_lut6_I0_O)        0.328     9.385 r  impl_fifo2/inst/gen_fifo.xpm_fifo_axis_inst/gaxis_pkt_fifo_cc.axis_pkt_cnt[0]_i_7/O
                         net (fo=1, routed)           0.656    10.041    impl_fifo2/inst/gen_fifo.xpm_fifo_axis_inst/gaxis_pkt_fifo_cc.axis_pkt_cnt[0]_i_7_n_0
    SLICE_X11Y91         CARRY4 (Prop_carry4_S[0]_CO[3])
                                                      0.656    10.697 r  impl_fifo2/inst/gen_fifo.xpm_fifo_axis_inst/gaxis_pkt_fifo_cc.axis_pkt_cnt_reg[0]_i_2/CO[3]
                         net (fo=1, routed)           0.000    10.697    impl_fifo2/inst/gen_fifo.xpm_fifo_axis_inst/gaxis_pkt_fifo_cc.axis_pkt_cnt_reg[0]_i_2_n_0
    SLICE_X11Y92         CARRY4 (Prop_carry4_CI_CO[3])
                                                      0.114    10.811 r  impl_fifo2/inst/gen_fifo.xpm_fifo_axis_inst/gaxis_pkt_fifo_cc.axis_pkt_cnt_reg[4]_i_1/CO[3]
                         net (fo=1, routed)           0.000    10.811    impl_fifo2/inst/gen_fifo.xpm_fifo_axis_inst/gaxis_pkt_fifo_cc.axis_pkt_cnt_reg[4]_i_1_n_0
    SLICE_X11Y93         CARRY4 (Prop_carry4_CI_CO[3])
                                                      0.114    10.925 r  impl_fifo2/inst/gen_fifo.xpm_fifo_axis_inst/gaxis_pkt_fifo_cc.axis_pkt_cnt_reg[8]_i_1/CO[3]
                         net (fo=1, routed)           0.000    10.925    impl_fifo2/inst/gen_fifo.xpm_fifo_axis_inst/gaxis_pkt_fifo_cc.axis_pkt_cnt_reg[8]_i_1_n_0
    SLICE_X11Y94         CARRY4 (Prop_carry4_CI_CO[3])
                                                      0.114    11.039 r  impl_fifo2/inst/gen_fifo.xpm_fifo_axis_inst/gaxis_pkt_fifo_cc.axis_pkt_cnt_reg[12]_i_1/CO[3]
                         net (fo=1, routed)           0.000    11.039    impl_fifo2/inst/gen_fifo.xpm_fifo_axis_inst/gaxis_pkt_fifo_cc.axis_pkt_cnt_reg[12]_i_1_n_0
    SLICE_X11Y95         CARRY4 (Prop_carry4_CI_CO[3])
                                                      0.114    11.153 r  impl_fifo2/inst/gen_fifo.xpm_fifo_axis_inst/gaxis_pkt_fifo_cc.axis_pkt_cnt_reg[16]_i_1/CO[3]
                         net (fo=1, routed)           0.000    11.153    impl_fifo2/inst/gen_fifo.xpm_fifo_axis_inst/gaxis_pkt_fifo_cc.axis_pkt_cnt_reg[16]_i_1_n_0
    SLICE_X11Y96         CARRY4 (Prop_carry4_CI_CO[3])
                                                      0.114    11.267 r  impl_fifo2/inst/gen_fifo.xpm_fifo_axis_inst/gaxis_pkt_fifo_cc.axis_pkt_cnt_reg[20]_i_1/CO[3]
                         net (fo=1, routed)           0.000    11.267    impl_fifo2/inst/gen_fifo.xpm_fifo_axis_inst/gaxis_pkt_fifo_cc.axis_pkt_cnt_reg[20]_i_1_n_0
    SLICE_X11Y97         CARRY4 (Prop_carry4_CI_CO[3])
                                                      0.114    11.381 r  impl_fifo2/inst/gen_fifo.xpm_fifo_axis_inst/gaxis_pkt_fifo_cc.axis_pkt_cnt_reg[24]_i_1/CO[3]
                         net (fo=1, routed)           0.000    11.381    impl_fifo2/inst/gen_fifo.xpm_fifo_axis_inst/gaxis_pkt_fifo_cc.axis_pkt_cnt_reg[24]_i_1_n_0
    SLICE_X11Y98         CARRY4 (Prop_carry4_CI_O[2])
                                                      0.239    11.620 r  impl_fifo2/inst/gen_fifo.xpm_fifo_axis_inst/gaxis_pkt_fifo_cc.axis_pkt_cnt_reg[28]_i_1/O[2]
                         net (fo=1, routed)           0.000    11.620    impl_fifo2/inst/gen_fifo.xpm_fifo_axis_inst/gaxis_pkt_fifo_cc.axis_pkt_cnt_reg[28]_i_1_n_5
    SLICE_X11Y98         FDRE                                         r  impl_fifo2/inst/gen_fifo.xpm_fifo_axis_inst/gaxis_pkt_fifo_cc.axis_pkt_cnt_reg[30]/D
  -------------------------------------------------------------------    -------------------

                         (clock sys_clk_pin rise edge)
                                                     10.000    10.000 r  
    E3                                                0.000    10.000 r  clk (IN)
                         net (fo=0)                   0.000    10.000    clk
    E3                   IBUF (Prop_ibuf_I_O)         1.411    11.411 r  clk_IBUF_inst/O
                         net (fo=1, routed)           1.920    13.331    clk_IBUF
    BUFGCTRL_X0Y16       BUFG (Prop_bufg_I_O)         0.091    13.422 r  clk_IBUF_BUFG_inst/O
                         net (fo=492, routed)         1.528    14.951    impl_fifo2/inst/gen_fifo.xpm_fifo_axis_inst/s_aclk
    SLICE_X11Y98         FDRE                                         r  impl_fifo2/inst/gen_fifo.xpm_fifo_axis_inst/gaxis_pkt_fifo_cc.axis_pkt_cnt_reg[30]/C
                         clock pessimism              0.180    15.131    
                         clock uncertainty           -0.035    15.095    
    SLICE_X11Y98         FDRE (Setup_fdre_C_D)        0.062    15.157    impl_fifo2/inst/gen_fifo.xpm_fifo_axis_inst/gaxis_pkt_fifo_cc.axis_pkt_cnt_reg[30]
  -------------------------------------------------------------------
                         required time                         15.157    
                         arrival time                         -11.620    
  -------------------------------------------------------------------
                         slack                                  3.538    

Slack (MET) :             3.554ns  (required time - arrival time)
  Source:                 impl_uart_tx/FSM_sequential_fsm_state_reg[0]/C
                            (rising edge-triggered cell FDRE clocked by sys_clk_pin  {rise@0.000ns fall@5.000ns period=10.000ns})
  Destination:            impl_fifo2/inst/gen_fifo.xpm_fifo_axis_inst/gaxis_pkt_fifo_cc.axis_pkt_cnt_reg[28]/D
                            (rising edge-triggered cell FDRE clocked by sys_clk_pin  {rise@0.000ns fall@5.000ns period=10.000ns})
  Path Group:             sys_clk_pin
  Path Type:              Setup (Max at Slow Process Corner)
  Requirement:            10.000ns  (sys_clk_pin rise@10.000ns - sys_clk_pin rise@0.000ns)
  Data Path Delay:        6.369ns  (logic 2.557ns (40.146%)  route 3.812ns (59.854%))
  Logic Levels:           10  (CARRY4=8 LUT2=1 LUT6=1)
  Clock Path Skew:        -0.104ns (DCD - SCD + CPR)
    Destination Clock Delay (DCD):    4.951ns = ( 14.951 - 10.000 ) 
    Source Clock Delay      (SCD):    5.234ns
    Clock Pessimism Removal (CPR):    0.180ns
  Clock Uncertainty:      0.035ns  ((TSJ^2 + TIJ^2)^1/2 + DJ) / 2 + PE
    Total System Jitter     (TSJ):    0.071ns
    Total Input Jitter      (TIJ):    0.000ns
    Discrete Jitter          (DJ):    0.000ns
    Phase Error              (PE):    0.000ns

    Location             Delay type                Incr(ns)  Path(ns)    Netlist Resource(s)
  -------------------------------------------------------------------    -------------------
                         (clock sys_clk_pin rise edge)
                                                      0.000     0.000 r  
    E3                                                0.000     0.000 r  clk (IN)
                         net (fo=0)                   0.000     0.000    clk
    E3                   IBUF (Prop_ibuf_I_O)         1.482     1.482 r  clk_IBUF_inst/O
                         net (fo=1, routed)           2.025     3.506    clk_IBUF
    BUFGCTRL_X0Y16       BUFG (Prop_bufg_I_O)         0.096     3.602 r  clk_IBUF_BUFG_inst/O
                         net (fo=492, routed)         1.632     5.234    impl_uart_tx/clk_IBUF_BUFG
    SLICE_X10Y102        FDRE                                         r  impl_uart_tx/FSM_sequential_fsm_state_reg[0]/C
  -------------------------------------------------------------------    -------------------
    SLICE_X10Y102        FDRE (Prop_fdre_C_Q)         0.518     5.752 f  impl_uart_tx/FSM_sequential_fsm_state_reg[0]/Q
                         net (fo=12, routed)          1.433     7.185    impl_uart_tx/fsm_state[0]
    SLICE_X10Y102        LUT2 (Prop_lut2_I1_O)        0.148     7.333 r  impl_uart_tx/impl_fifo2_i_1/O
                         net (fo=36, routed)          1.724     9.057    impl_fifo2/inst/gen_fifo.xpm_fifo_axis_inst/m_axis_tready
    SLICE_X10Y91         LUT6 (Prop_lut6_I0_O)        0.328     9.385 r  impl_fifo2/inst/gen_fifo.xpm_fifo_axis_inst/gaxis_pkt_fifo_cc.axis_pkt_cnt[0]_i_7/O
                         net (fo=1, routed)           0.656    10.041    impl_fifo2/inst/gen_fifo.xpm_fifo_axis_inst/gaxis_pkt_fifo_cc.axis_pkt_cnt[0]_i_7_n_0
    SLICE_X11Y91         CARRY4 (Prop_carry4_S[0]_CO[3])
                                                      0.656    10.697 r  impl_fifo2/inst/gen_fifo.xpm_fifo_axis_inst/gaxis_pkt_fifo_cc.axis_pkt_cnt_reg[0]_i_2/CO[3]
                         net (fo=1, routed)           0.000    10.697    impl_fifo2/inst/gen_fifo.xpm_fifo_axis_inst/gaxis_pkt_fifo_cc.axis_pkt_cnt_reg[0]_i_2_n_0
    SLICE_X11Y92         CARRY4 (Prop_carry4_CI_CO[3])
                                                      0.114    10.811 r  impl_fifo2/inst/gen_fifo.xpm_fifo_axis_inst/gaxis_pkt_fifo_cc.axis_pkt_cnt_reg[4]_i_1/CO[3]
                         net (fo=1, routed)           0.000    10.811    impl_fifo2/inst/gen_fifo.xpm_fifo_axis_inst/gaxis_pkt_fifo_cc.axis_pkt_cnt_reg[4]_i_1_n_0
    SLICE_X11Y93         CARRY4 (Prop_carry4_CI_CO[3])
                                                      0.114    10.925 r  impl_fifo2/inst/gen_fifo.xpm_fifo_axis_inst/gaxis_pkt_fifo_cc.axis_pkt_cnt_reg[8]_i_1/CO[3]
                         net (fo=1, routed)           0.000    10.925    impl_fifo2/inst/gen_fifo.xpm_fifo_axis_inst/gaxis_pkt_fifo_cc.axis_pkt_cnt_reg[8]_i_1_n_0
    SLICE_X11Y94         CARRY4 (Prop_carry4_CI_CO[3])
                                                      0.114    11.039 r  impl_fifo2/inst/gen_fifo.xpm_fifo_axis_inst/gaxis_pkt_fifo_cc.axis_pkt_cnt_reg[12]_i_1/CO[3]
                         net (fo=1, routed)           0.000    11.039    impl_fifo2/inst/gen_fifo.xpm_fifo_axis_inst/gaxis_pkt_fifo_cc.axis_pkt_cnt_reg[12]_i_1_n_0
    SLICE_X11Y95         CARRY4 (Prop_carry4_CI_CO[3])
                                                      0.114    11.153 r  impl_fifo2/inst/gen_fifo.xpm_fifo_axis_inst/gaxis_pkt_fifo_cc.axis_pkt_cnt_reg[16]_i_1/CO[3]
                         net (fo=1, routed)           0.000    11.153    impl_fifo2/inst/gen_fifo.xpm_fifo_axis_inst/gaxis_pkt_fifo_cc.axis_pkt_cnt_reg[16]_i_1_n_0
    SLICE_X11Y96         CARRY4 (Prop_carry4_CI_CO[3])
                                                      0.114    11.267 r  impl_fifo2/inst/gen_fifo.xpm_fifo_axis_inst/gaxis_pkt_fifo_cc.axis_pkt_cnt_reg[20]_i_1/CO[3]
                         net (fo=1, routed)           0.000    11.267    impl_fifo2/inst/gen_fifo.xpm_fifo_axis_inst/gaxis_pkt_fifo_cc.axis_pkt_cnt_reg[20]_i_1_n_0
    SLICE_X11Y97         CARRY4 (Prop_carry4_CI_CO[3])
                                                      0.114    11.381 r  impl_fifo2/inst/gen_fifo.xpm_fifo_axis_inst/gaxis_pkt_fifo_cc.axis_pkt_cnt_reg[24]_i_1/CO[3]
                         net (fo=1, routed)           0.000    11.381    impl_fifo2/inst/gen_fifo.xpm_fifo_axis_inst/gaxis_pkt_fifo_cc.axis_pkt_cnt_reg[24]_i_1_n_0
    SLICE_X11Y98         CARRY4 (Prop_carry4_CI_O[0])
                                                      0.223    11.604 r  impl_fifo2/inst/gen_fifo.xpm_fifo_axis_inst/gaxis_pkt_fifo_cc.axis_pkt_cnt_reg[28]_i_1/O[0]
                         net (fo=1, routed)           0.000    11.604    impl_fifo2/inst/gen_fifo.xpm_fifo_axis_inst/gaxis_pkt_fifo_cc.axis_pkt_cnt_reg[28]_i_1_n_7
    SLICE_X11Y98         FDRE                                         r  impl_fifo2/inst/gen_fifo.xpm_fifo_axis_inst/gaxis_pkt_fifo_cc.axis_pkt_cnt_reg[28]/D
  -------------------------------------------------------------------    -------------------

                         (clock sys_clk_pin rise edge)
                                                     10.000    10.000 r  
    E3                                                0.000    10.000 r  clk (IN)
                         net (fo=0)                   0.000    10.000    clk
    E3                   IBUF (Prop_ibuf_I_O)         1.411    11.411 r  clk_IBUF_inst/O
                         net (fo=1, routed)           1.920    13.331    clk_IBUF
    BUFGCTRL_X0Y16       BUFG (Prop_bufg_I_O)         0.091    13.422 r  clk_IBUF_BUFG_inst/O
                         net (fo=492, routed)         1.528    14.951    impl_fifo2/inst/gen_fifo.xpm_fifo_axis_inst/s_aclk
    SLICE_X11Y98         FDRE                                         r  impl_fifo2/inst/gen_fifo.xpm_fifo_axis_inst/gaxis_pkt_fifo_cc.axis_pkt_cnt_reg[28]/C
                         clock pessimism              0.180    15.131    
                         clock uncertainty           -0.035    15.095    
    SLICE_X11Y98         FDRE (Setup_fdre_C_D)        0.062    15.157    impl_fifo2/inst/gen_fifo.xpm_fifo_axis_inst/gaxis_pkt_fifo_cc.axis_pkt_cnt_reg[28]
  -------------------------------------------------------------------
                         required time                         15.157    
                         arrival time                         -11.604    
  -------------------------------------------------------------------
                         slack                                  3.554    

Slack (MET) :             3.557ns  (required time - arrival time)
  Source:                 impl_uart_tx/FSM_sequential_fsm_state_reg[0]/C
                            (rising edge-triggered cell FDRE clocked by sys_clk_pin  {rise@0.000ns fall@5.000ns period=10.000ns})
  Destination:            impl_fifo2/inst/gen_fifo.xpm_fifo_axis_inst/gaxis_pkt_fifo_cc.axis_pkt_cnt_reg[25]/D
                            (rising edge-triggered cell FDRE clocked by sys_clk_pin  {rise@0.000ns fall@5.000ns period=10.000ns})
  Path Group:             sys_clk_pin
  Path Type:              Setup (Max at Slow Process Corner)
  Requirement:            10.000ns  (sys_clk_pin rise@10.000ns - sys_clk_pin rise@0.000ns)
  Data Path Delay:        6.366ns  (logic 2.554ns (40.118%)  route 3.812ns (59.882%))
  Logic Levels:           9  (CARRY4=7 LUT2=1 LUT6=1)
  Clock Path Skew:        -0.104ns (DCD - SCD + CPR)
    Destination Clock Delay (DCD):    4.951ns = ( 14.951 - 10.000 ) 
    Source Clock Delay      (SCD):    5.234ns
    Clock Pessimism Removal (CPR):    0.180ns
  Clock Uncertainty:      0.035ns  ((TSJ^2 + TIJ^2)^1/2 + DJ) / 2 + PE
    Total System Jitter     (TSJ):    0.071ns
    Total Input Jitter      (TIJ):    0.000ns
    Discrete Jitter          (DJ):    0.000ns
    Phase Error              (PE):    0.000ns

    Location             Delay type                Incr(ns)  Path(ns)    Netlist Resource(s)
  -------------------------------------------------------------------    -------------------
                         (clock sys_clk_pin rise edge)
                                                      0.000     0.000 r  
    E3                                                0.000     0.000 r  clk (IN)
                         net (fo=0)                   0.000     0.000    clk
    E3                   IBUF (Prop_ibuf_I_O)         1.482     1.482 r  clk_IBUF_inst/O
                         net (fo=1, routed)           2.025     3.506    clk_IBUF
    BUFGCTRL_X0Y16       BUFG (Prop_bufg_I_O)         0.096     3.602 r  clk_IBUF_BUFG_inst/O
                         net (fo=492, routed)         1.632     5.234    impl_uart_tx/clk_IBUF_BUFG
    SLICE_X10Y102        FDRE                                         r  impl_uart_tx/FSM_sequential_fsm_state_reg[0]/C
  -------------------------------------------------------------------    -------------------
    SLICE_X10Y102        FDRE (Prop_fdre_C_Q)         0.518     5.752 f  impl_uart_tx/FSM_sequential_fsm_state_reg[0]/Q
                         net (fo=12, routed)          1.433     7.185    impl_uart_tx/fsm_state[0]
    SLICE_X10Y102        LUT2 (Prop_lut2_I1_O)        0.148     7.333 r  impl_uart_tx/impl_fifo2_i_1/O
                         net (fo=36, routed)          1.724     9.057    impl_fifo2/inst/gen_fifo.xpm_fifo_axis_inst/m_axis_tready
    SLICE_X10Y91         LUT6 (Prop_lut6_I0_O)        0.328     9.385 r  impl_fifo2/inst/gen_fifo.xpm_fifo_axis_inst/gaxis_pkt_fifo_cc.axis_pkt_cnt[0]_i_7/O
                         net (fo=1, routed)           0.656    10.041    impl_fifo2/inst/gen_fifo.xpm_fifo_axis_inst/gaxis_pkt_fifo_cc.axis_pkt_cnt[0]_i_7_n_0
    SLICE_X11Y91         CARRY4 (Prop_carry4_S[0]_CO[3])
                                                      0.656    10.697 r  impl_fifo2/inst/gen_fifo.xpm_fifo_axis_inst/gaxis_pkt_fifo_cc.axis_pkt_cnt_reg[0]_i_2/CO[3]
                         net (fo=1, routed)           0.000    10.697    impl_fifo2/inst/gen_fifo.xpm_fifo_axis_inst/gaxis_pkt_fifo_cc.axis_pkt_cnt_reg[0]_i_2_n_0
    SLICE_X11Y92         CARRY4 (Prop_carry4_CI_CO[3])
                                                      0.114    10.811 r  impl_fifo2/inst/gen_fifo.xpm_fifo_axis_inst/gaxis_pkt_fifo_cc.axis_pkt_cnt_reg[4]_i_1/CO[3]
                         net (fo=1, routed)           0.000    10.811    impl_fifo2/inst/gen_fifo.xpm_fifo_axis_inst/gaxis_pkt_fifo_cc.axis_pkt_cnt_reg[4]_i_1_n_0
    SLICE_X11Y93         CARRY4 (Prop_carry4_CI_CO[3])
                                                      0.114    10.925 r  impl_fifo2/inst/gen_fifo.xpm_fifo_axis_inst/gaxis_pkt_fifo_cc.axis_pkt_cnt_reg[8]_i_1/CO[3]
                         net (fo=1, routed)           0.000    10.925    impl_fifo2/inst/gen_fifo.xpm_fifo_axis_inst/gaxis_pkt_fifo_cc.axis_pkt_cnt_reg[8]_i_1_n_0
    SLICE_X11Y94         CARRY4 (Prop_carry4_CI_CO[3])
                                                      0.114    11.039 r  impl_fifo2/inst/gen_fifo.xpm_fifo_axis_inst/gaxis_pkt_fifo_cc.axis_pkt_cnt_reg[12]_i_1/CO[3]
                         net (fo=1, routed)           0.000    11.039    impl_fifo2/inst/gen_fifo.xpm_fifo_axis_inst/gaxis_pkt_fifo_cc.axis_pkt_cnt_reg[12]_i_1_n_0
    SLICE_X11Y95         CARRY4 (Prop_carry4_CI_CO[3])
                                                      0.114    11.153 r  impl_fifo2/inst/gen_fifo.xpm_fifo_axis_inst/gaxis_pkt_fifo_cc.axis_pkt_cnt_reg[16]_i_1/CO[3]
                         net (fo=1, routed)           0.000    11.153    impl_fifo2/inst/gen_fifo.xpm_fifo_axis_inst/gaxis_pkt_fifo_cc.axis_pkt_cnt_reg[16]_i_1_n_0
    SLICE_X11Y96         CARRY4 (Prop_carry4_CI_CO[3])
                                                      0.114    11.267 r  impl_fifo2/inst/gen_fifo.xpm_fifo_axis_inst/gaxis_pkt_fifo_cc.axis_pkt_cnt_reg[20]_i_1/CO[3]
                         net (fo=1, routed)           0.000    11.267    impl_fifo2/inst/gen_fifo.xpm_fifo_axis_inst/gaxis_pkt_fifo_cc.axis_pkt_cnt_reg[20]_i_1_n_0
    SLICE_X11Y97         CARRY4 (Prop_carry4_CI_O[1])
                                                      0.334    11.601 r  impl_fifo2/inst/gen_fifo.xpm_fifo_axis_inst/gaxis_pkt_fifo_cc.axis_pkt_cnt_reg[24]_i_1/O[1]
                         net (fo=1, routed)           0.000    11.601    impl_fifo2/inst/gen_fifo.xpm_fifo_axis_inst/gaxis_pkt_fifo_cc.axis_pkt_cnt_reg[24]_i_1_n_6
    SLICE_X11Y97         FDRE                                         r  impl_fifo2/inst/gen_fifo.xpm_fifo_axis_inst/gaxis_pkt_fifo_cc.axis_pkt_cnt_reg[25]/D
  -------------------------------------------------------------------    -------------------

                         (clock sys_clk_pin rise edge)
                                                     10.000    10.000 r  
    E3                                                0.000    10.000 r  clk (IN)
                         net (fo=0)                   0.000    10.000    clk
    E3                   IBUF (Prop_ibuf_I_O)         1.411    11.411 r  clk_IBUF_inst/O
                         net (fo=1, routed)           1.920    13.331    clk_IBUF
    BUFGCTRL_X0Y16       BUFG (Prop_bufg_I_O)         0.091    13.422 r  clk_IBUF_BUFG_inst/O
                         net (fo=492, routed)         1.528    14.951    impl_fifo2/inst/gen_fifo.xpm_fifo_axis_inst/s_aclk
    SLICE_X11Y97         FDRE                                         r  impl_fifo2/inst/gen_fifo.xpm_fifo_axis_inst/gaxis_pkt_fifo_cc.axis_pkt_cnt_reg[25]/C
                         clock pessimism              0.180    15.131    
                         clock uncertainty           -0.035    15.095    
    SLICE_X11Y97         FDRE (Setup_fdre_C_D)        0.062    15.157    impl_fifo2/inst/gen_fifo.xpm_fifo_axis_inst/gaxis_pkt_fifo_cc.axis_pkt_cnt_reg[25]
  -------------------------------------------------------------------
                         required time                         15.157    
                         arrival time                         -11.601    
  -------------------------------------------------------------------
                         slack                                  3.557    

Slack (MET) :             3.578ns  (required time - arrival time)
  Source:                 impl_uart_tx/FSM_sequential_fsm_state_reg[0]/C
                            (rising edge-triggered cell FDRE clocked by sys_clk_pin  {rise@0.000ns fall@5.000ns period=10.000ns})
  Destination:            impl_fifo2/inst/gen_fifo.xpm_fifo_axis_inst/gaxis_pkt_fifo_cc.axis_pkt_cnt_reg[27]/D
                            (rising edge-triggered cell FDRE clocked by sys_clk_pin  {rise@0.000ns fall@5.000ns period=10.000ns})
  Path Group:             sys_clk_pin
  Path Type:              Setup (Max at Slow Process Corner)
  Requirement:            10.000ns  (sys_clk_pin rise@10.000ns - sys_clk_pin rise@0.000ns)
  Data Path Delay:        6.345ns  (logic 2.533ns (39.920%)  route 3.812ns (60.080%))
  Logic Levels:           9  (CARRY4=7 LUT2=1 LUT6=1)
  Clock Path Skew:        -0.104ns (DCD - SCD + CPR)
    Destination Clock Delay (DCD):    4.951ns = ( 14.951 - 10.000 ) 
    Source Clock Delay      (SCD):    5.234ns
    Clock Pessimism Removal (CPR):    0.180ns
  Clock Uncertainty:      0.035ns  ((TSJ^2 + TIJ^2)^1/2 + DJ) / 2 + PE
    Total System Jitter     (TSJ):    0.071ns
    Total Input Jitter      (TIJ):    0.000ns
    Discrete Jitter          (DJ):    0.000ns
    Phase Error              (PE):    0.000ns

    Location             Delay type                Incr(ns)  Path(ns)    Netlist Resource(s)
  -------------------------------------------------------------------    -------------------
                         (clock sys_clk_pin rise edge)
                                                      0.000     0.000 r  
    E3                                                0.000     0.000 r  clk (IN)
                         net (fo=0)                   0.000     0.000    clk
    E3                   IBUF (Prop_ibuf_I_O)         1.482     1.482 r  clk_IBUF_inst/O
                         net (fo=1, routed)           2.025     3.506    clk_IBUF
    BUFGCTRL_X0Y16       BUFG (Prop_bufg_I_O)         0.096     3.602 r  clk_IBUF_BUFG_inst/O
                         net (fo=492, routed)         1.632     5.234    impl_uart_tx/clk_IBUF_BUFG
    SLICE_X10Y102        FDRE                                         r  impl_uart_tx/FSM_sequential_fsm_state_reg[0]/C
  -------------------------------------------------------------------    -------------------
    SLICE_X10Y102        FDRE (Prop_fdre_C_Q)         0.518     5.752 f  impl_uart_tx/FSM_sequential_fsm_state_reg[0]/Q
                         net (fo=12, routed)          1.433     7.185    impl_uart_tx/fsm_state[0]
    SLICE_X10Y102        LUT2 (Prop_lut2_I1_O)        0.148     7.333 r  impl_uart_tx/impl_fifo2_i_1/O
                         net (fo=36, routed)          1.724     9.057    impl_fifo2/inst/gen_fifo.xpm_fifo_axis_inst/m_axis_tready
    SLICE_X10Y91         LUT6 (Prop_lut6_I0_O)        0.328     9.385 r  impl_fifo2/inst/gen_fifo.xpm_fifo_axis_inst/gaxis_pkt_fifo_cc.axis_pkt_cnt[0]_i_7/O
                         net (fo=1, routed)           0.656    10.041    impl_fifo2/inst/gen_fifo.xpm_fifo_axis_inst/gaxis_pkt_fifo_cc.axis_pkt_cnt[0]_i_7_n_0
    SLICE_X11Y91         CARRY4 (Prop_carry4_S[0]_CO[3])
                                                      0.656    10.697 r  impl_fifo2/inst/gen_fifo.xpm_fifo_axis_inst/gaxis_pkt_fifo_cc.axis_pkt_cnt_reg[0]_i_2/CO[3]
                         net (fo=1, routed)           0.000    10.697    impl_fifo2/inst/gen_fifo.xpm_fifo_axis_inst/gaxis_pkt_fifo_cc.axis_pkt_cnt_reg[0]_i_2_n_0
    SLICE_X11Y92         CARRY4 (Prop_carry4_CI_CO[3])
                                                      0.114    10.811 r  impl_fifo2/inst/gen_fifo.xpm_fifo_axis_inst/gaxis_pkt_fifo_cc.axis_pkt_cnt_reg[4]_i_1/CO[3]
                         net (fo=1, routed)           0.000    10.811    impl_fifo2/inst/gen_fifo.xpm_fifo_axis_inst/gaxis_pkt_fifo_cc.axis_pkt_cnt_reg[4]_i_1_n_0
    SLICE_X11Y93         CARRY4 (Prop_carry4_CI_CO[3])
                                                      0.114    10.925 r  impl_fifo2/inst/gen_fifo.xpm_fifo_axis_inst/gaxis_pkt_fifo_cc.axis_pkt_cnt_reg[8]_i_1/CO[3]
                         net (fo=1, routed)           0.000    10.925    impl_fifo2/inst/gen_fifo.xpm_fifo_axis_inst/gaxis_pkt_fifo_cc.axis_pkt_cnt_reg[8]_i_1_n_0
    SLICE_X11Y94         CARRY4 (Prop_carry4_CI_CO[3])
                                                      0.114    11.039 r  impl_fifo2/inst/gen_fifo.xpm_fifo_axis_inst/gaxis_pkt_fifo_cc.axis_pkt_cnt_reg[12]_i_1/CO[3]
                         net (fo=1, routed)           0.000    11.039    impl_fifo2/inst/gen_fifo.xpm_fifo_axis_inst/gaxis_pkt_fifo_cc.axis_pkt_cnt_reg[12]_i_1_n_0
    SLICE_X11Y95         CARRY4 (Prop_carry4_CI_CO[3])
                                                      0.114    11.153 r  impl_fifo2/inst/gen_fifo.xpm_fifo_axis_inst/gaxis_pkt_fifo_cc.axis_pkt_cnt_reg[16]_i_1/CO[3]
                         net (fo=1, routed)           0.000    11.153    impl_fifo2/inst/gen_fifo.xpm_fifo_axis_inst/gaxis_pkt_fifo_cc.axis_pkt_cnt_reg[16]_i_1_n_0
    SLICE_X11Y96         CARRY4 (Prop_carry4_CI_CO[3])
                                                      0.114    11.267 r  impl_fifo2/inst/gen_fifo.xpm_fifo_axis_inst/gaxis_pkt_fifo_cc.axis_pkt_cnt_reg[20]_i_1/CO[3]
                         net (fo=1, routed)           0.000    11.267    impl_fifo2/inst/gen_fifo.xpm_fifo_axis_inst/gaxis_pkt_fifo_cc.axis_pkt_cnt_reg[20]_i_1_n_0
    SLICE_X11Y97         CARRY4 (Prop_carry4_CI_O[3])
                                                      0.313    11.580 r  impl_fifo2/inst/gen_fifo.xpm_fifo_axis_inst/gaxis_pkt_fifo_cc.axis_pkt_cnt_reg[24]_i_1/O[3]
                         net (fo=1, routed)           0.000    11.580    impl_fifo2/inst/gen_fifo.xpm_fifo_axis_inst/gaxis_pkt_fifo_cc.axis_pkt_cnt_reg[24]_i_1_n_4
    SLICE_X11Y97         FDRE                                         r  impl_fifo2/inst/gen_fifo.xpm_fifo_axis_inst/gaxis_pkt_fifo_cc.axis_pkt_cnt_reg[27]/D
  -------------------------------------------------------------------    -------------------

                         (clock sys_clk_pin rise edge)
                                                     10.000    10.000 r  
    E3                                                0.000    10.000 r  clk (IN)
                         net (fo=0)                   0.000    10.000    clk
    E3                   IBUF (Prop_ibuf_I_O)         1.411    11.411 r  clk_IBUF_inst/O
                         net (fo=1, routed)           1.920    13.331    clk_IBUF
    BUFGCTRL_X0Y16       BUFG (Prop_bufg_I_O)         0.091    13.422 r  clk_IBUF_BUFG_inst/O
                         net (fo=492, routed)         1.528    14.951    impl_fifo2/inst/gen_fifo.xpm_fifo_axis_inst/s_aclk
    SLICE_X11Y97         FDRE                                         r  impl_fifo2/inst/gen_fifo.xpm_fifo_axis_inst/gaxis_pkt_fifo_cc.axis_pkt_cnt_reg[27]/C
                         clock pessimism              0.180    15.131    
                         clock uncertainty           -0.035    15.095    
    SLICE_X11Y97         FDRE (Setup_fdre_C_D)        0.062    15.157    impl_fifo2/inst/gen_fifo.xpm_fifo_axis_inst/gaxis_pkt_fifo_cc.axis_pkt_cnt_reg[27]
  -------------------------------------------------------------------
                         required time                         15.157    
                         arrival time                         -11.580    
  -------------------------------------------------------------------
                         slack                                  3.578    

Slack (MET) :             3.652ns  (required time - arrival time)
  Source:                 impl_uart_tx/FSM_sequential_fsm_state_reg[0]/C
                            (rising edge-triggered cell FDRE clocked by sys_clk_pin  {rise@0.000ns fall@5.000ns period=10.000ns})
  Destination:            impl_fifo2/inst/gen_fifo.xpm_fifo_axis_inst/gaxis_pkt_fifo_cc.axis_pkt_cnt_reg[26]/D
                            (rising edge-triggered cell FDRE clocked by sys_clk_pin  {rise@0.000ns fall@5.000ns period=10.000ns})
  Path Group:             sys_clk_pin
  Path Type:              Setup (Max at Slow Process Corner)
  Requirement:            10.000ns  (sys_clk_pin rise@10.000ns - sys_clk_pin rise@0.000ns)
  Data Path Delay:        6.271ns  (logic 2.459ns (39.211%)  route 3.812ns (60.789%))
  Logic Levels:           9  (CARRY4=7 LUT2=1 LUT6=1)
  Clock Path Skew:        -0.104ns (DCD - SCD + CPR)
    Destination Clock Delay (DCD):    4.951ns = ( 14.951 - 10.000 ) 
    Source Clock Delay      (SCD):    5.234ns
    Clock Pessimism Removal (CPR):    0.180ns
  Clock Uncertainty:      0.035ns  ((TSJ^2 + TIJ^2)^1/2 + DJ) / 2 + PE
    Total System Jitter     (TSJ):    0.071ns
    Total Input Jitter      (TIJ):    0.000ns
    Discrete Jitter          (DJ):    0.000ns
    Phase Error              (PE):    0.000ns

    Location             Delay type                Incr(ns)  Path(ns)    Netlist Resource(s)
  -------------------------------------------------------------------    -------------------
                         (clock sys_clk_pin rise edge)
                                                      0.000     0.000 r  
    E3                                                0.000     0.000 r  clk (IN)
                         net (fo=0)                   0.000     0.000    clk
    E3                   IBUF (Prop_ibuf_I_O)         1.482     1.482 r  clk_IBUF_inst/O
                         net (fo=1, routed)           2.025     3.506    clk_IBUF
    BUFGCTRL_X0Y16       BUFG (Prop_bufg_I_O)         0.096     3.602 r  clk_IBUF_BUFG_inst/O
                         net (fo=492, routed)         1.632     5.234    impl_uart_tx/clk_IBUF_BUFG
    SLICE_X10Y102        FDRE                                         r  impl_uart_tx/FSM_sequential_fsm_state_reg[0]/C
  -------------------------------------------------------------------    -------------------
    SLICE_X10Y102        FDRE (Prop_fdre_C_Q)         0.518     5.752 f  impl_uart_tx/FSM_sequential_fsm_state_reg[0]/Q
                         net (fo=12, routed)          1.433     7.185    impl_uart_tx/fsm_state[0]
    SLICE_X10Y102        LUT2 (Prop_lut2_I1_O)        0.148     7.333 r  impl_uart_tx/impl_fifo2_i_1/O
                         net (fo=36, routed)          1.724     9.057    impl_fifo2/inst/gen_fifo.xpm_fifo_axis_inst/m_axis_tready
    SLICE_X10Y91         LUT6 (Prop_lut6_I0_O)        0.328     9.385 r  impl_fifo2/inst/gen_fifo.xpm_fifo_axis_inst/gaxis_pkt_fifo_cc.axis_pkt_cnt[0]_i_7/O
                         net (fo=1, routed)           0.656    10.041    impl_fifo2/inst/gen_fifo.xpm_fifo_axis_inst/gaxis_pkt_fifo_cc.axis_pkt_cnt[0]_i_7_n_0
    SLICE_X11Y91         CARRY4 (Prop_carry4_S[0]_CO[3])
                                                      0.656    10.697 r  impl_fifo2/inst/gen_fifo.xpm_fifo_axis_inst/gaxis_pkt_fifo_cc.axis_pkt_cnt_reg[0]_i_2/CO[3]
                         net (fo=1, routed)           0.000    10.697    impl_fifo2/inst/gen_fifo.xpm_fifo_axis_inst/gaxis_pkt_fifo_cc.axis_pkt_cnt_reg[0]_i_2_n_0
    SLICE_X11Y92         CARRY4 (Prop_carry4_CI_CO[3])
                                                      0.114    10.811 r  impl_fifo2/inst/gen_fifo.xpm_fifo_axis_inst/gaxis_pkt_fifo_cc.axis_pkt_cnt_reg[4]_i_1/CO[3]
                         net (fo=1, routed)           0.000    10.811    impl_fifo2/inst/gen_fifo.xpm_fifo_axis_inst/gaxis_pkt_fifo_cc.axis_pkt_cnt_reg[4]_i_1_n_0
    SLICE_X11Y93         CARRY4 (Prop_carry4_CI_CO[3])
                                                      0.114    10.925 r  impl_fifo2/inst/gen_fifo.xpm_fifo_axis_inst/gaxis_pkt_fifo_cc.axis_pkt_cnt_reg[8]_i_1/CO[3]
                         net (fo=1, routed)           0.000    10.925    impl_fifo2/inst/gen_fifo.xpm_fifo_axis_inst/gaxis_pkt_fifo_cc.axis_pkt_cnt_reg[8]_i_1_n_0
    SLICE_X11Y94         CARRY4 (Prop_carry4_CI_CO[3])
                                                      0.114    11.039 r  impl_fifo2/inst/gen_fifo.xpm_fifo_axis_inst/gaxis_pkt_fifo_cc.axis_pkt_cnt_reg[12]_i_1/CO[3]
                         net (fo=1, routed)           0.000    11.039    impl_fifo2/inst/gen_fifo.xpm_fifo_axis_inst/gaxis_pkt_fifo_cc.axis_pkt_cnt_reg[12]_i_1_n_0
    SLICE_X11Y95         CARRY4 (Prop_carry4_CI_CO[3])
                                                      0.114    11.153 r  impl_fifo2/inst/gen_fifo.xpm_fifo_axis_inst/gaxis_pkt_fifo_cc.axis_pkt_cnt_reg[16]_i_1/CO[3]
                         net (fo=1, routed)           0.000    11.153    impl_fifo2/inst/gen_fifo.xpm_fifo_axis_inst/gaxis_pkt_fifo_cc.axis_pkt_cnt_reg[16]_i_1_n_0
    SLICE_X11Y96         CARRY4 (Prop_carry4_CI_CO[3])
                                                      0.114    11.267 r  impl_fifo2/inst/gen_fifo.xpm_fifo_axis_inst/gaxis_pkt_fifo_cc.axis_pkt_cnt_reg[20]_i_1/CO[3]
                         net (fo=1, routed)           0.000    11.267    impl_fifo2/inst/gen_fifo.xpm_fifo_axis_inst/gaxis_pkt_fifo_cc.axis_pkt_cnt_reg[20]_i_1_n_0
    SLICE_X11Y97         CARRY4 (Prop_carry4_CI_O[2])
                                                      0.239    11.506 r  impl_fifo2/inst/gen_fifo.xpm_fifo_axis_inst/gaxis_pkt_fifo_cc.axis_pkt_cnt_reg[24]_i_1/O[2]
                         net (fo=1, routed)           0.000    11.506    impl_fifo2/inst/gen_fifo.xpm_fifo_axis_inst/gaxis_pkt_fifo_cc.axis_pkt_cnt_reg[24]_i_1_n_5
    SLICE_X11Y97         FDRE                                         r  impl_fifo2/inst/gen_fifo.xpm_fifo_axis_inst/gaxis_pkt_fifo_cc.axis_pkt_cnt_reg[26]/D
  -------------------------------------------------------------------    -------------------

                         (clock sys_clk_pin rise edge)
                                                     10.000    10.000 r  
    E3                                                0.000    10.000 r  clk (IN)
                         net (fo=0)                   0.000    10.000    clk
    E3                   IBUF (Prop_ibuf_I_O)         1.411    11.411 r  clk_IBUF_inst/O
                         net (fo=1, routed)           1.920    13.331    clk_IBUF
    BUFGCTRL_X0Y16       BUFG (Prop_bufg_I_O)         0.091    13.422 r  clk_IBUF_BUFG_inst/O
                         net (fo=492, routed)         1.528    14.951    impl_fifo2/inst/gen_fifo.xpm_fifo_axis_inst/s_aclk
    SLICE_X11Y97         FDRE                                         r  impl_fifo2/inst/gen_fifo.xpm_fifo_axis_inst/gaxis_pkt_fifo_cc.axis_pkt_cnt_reg[26]/C
                         clock pessimism              0.180    15.131    
                         clock uncertainty           -0.035    15.095    
    SLICE_X11Y97         FDRE (Setup_fdre_C_D)        0.062    15.157    impl_fifo2/inst/gen_fifo.xpm_fifo_axis_inst/gaxis_pkt_fifo_cc.axis_pkt_cnt_reg[26]
  -------------------------------------------------------------------
                         required time                         15.157    
                         arrival time                         -11.506    
  -------------------------------------------------------------------
                         slack                                  3.652    

Slack (MET) :             3.668ns  (required time - arrival time)
  Source:                 impl_uart_tx/FSM_sequential_fsm_state_reg[0]/C
                            (rising edge-triggered cell FDRE clocked by sys_clk_pin  {rise@0.000ns fall@5.000ns period=10.000ns})
  Destination:            impl_fifo2/inst/gen_fifo.xpm_fifo_axis_inst/gaxis_pkt_fifo_cc.axis_pkt_cnt_reg[24]/D
                            (rising edge-triggered cell FDRE clocked by sys_clk_pin  {rise@0.000ns fall@5.000ns period=10.000ns})
  Path Group:             sys_clk_pin
  Path Type:              Setup (Max at Slow Process Corner)
  Requirement:            10.000ns  (sys_clk_pin rise@10.000ns - sys_clk_pin rise@0.000ns)
  Data Path Delay:        6.255ns  (logic 2.443ns (39.055%)  route 3.812ns (60.944%))
  Logic Levels:           9  (CARRY4=7 LUT2=1 LUT6=1)
  Clock Path Skew:        -0.104ns (DCD - SCD + CPR)
    Destination Clock Delay (DCD):    4.951ns = ( 14.951 - 10.000 ) 
    Source Clock Delay      (SCD):    5.234ns
    Clock Pessimism Removal (CPR):    0.180ns
  Clock Uncertainty:      0.035ns  ((TSJ^2 + TIJ^2)^1/2 + DJ) / 2 + PE
    Total System Jitter     (TSJ):    0.071ns
    Total Input Jitter      (TIJ):    0.000ns
    Discrete Jitter          (DJ):    0.000ns
    Phase Error              (PE):    0.000ns

    Location             Delay type                Incr(ns)  Path(ns)    Netlist Resource(s)
  -------------------------------------------------------------------    -------------------
                         (clock sys_clk_pin rise edge)
                                                      0.000     0.000 r  
    E3                                                0.000     0.000 r  clk (IN)
                         net (fo=0)                   0.000     0.000    clk
    E3                   IBUF (Prop_ibuf_I_O)         1.482     1.482 r  clk_IBUF_inst/O
                         net (fo=1, routed)           2.025     3.506    clk_IBUF
    BUFGCTRL_X0Y16       BUFG (Prop_bufg_I_O)         0.096     3.602 r  clk_IBUF_BUFG_inst/O
                         net (fo=492, routed)         1.632     5.234    impl_uart_tx/clk_IBUF_BUFG
    SLICE_X10Y102        FDRE                                         r  impl_uart_tx/FSM_sequential_fsm_state_reg[0]/C
  -------------------------------------------------------------------    -------------------
    SLICE_X10Y102        FDRE (Prop_fdre_C_Q)         0.518     5.752 f  impl_uart_tx/FSM_sequential_fsm_state_reg[0]/Q
                         net (fo=12, routed)          1.433     7.185    impl_uart_tx/fsm_state[0]
    SLICE_X10Y102        LUT2 (Prop_lut2_I1_O)        0.148     7.333 r  impl_uart_tx/impl_fifo2_i_1/O
                         net (fo=36, routed)          1.724     9.057    impl_fifo2/inst/gen_fifo.xpm_fifo_axis_inst/m_axis_tready
    SLICE_X10Y91         LUT6 (Prop_lut6_I0_O)        0.328     9.385 r  impl_fifo2/inst/gen_fifo.xpm_fifo_axis_inst/gaxis_pkt_fifo_cc.axis_pkt_cnt[0]_i_7/O
                         net (fo=1, routed)           0.656    10.041    impl_fifo2/inst/gen_fifo.xpm_fifo_axis_inst/gaxis_pkt_fifo_cc.axis_pkt_cnt[0]_i_7_n_0
    SLICE_X11Y91         CARRY4 (Prop_carry4_S[0]_CO[3])
                                                      0.656    10.697 r  impl_fifo2/inst/gen_fifo.xpm_fifo_axis_inst/gaxis_pkt_fifo_cc.axis_pkt_cnt_reg[0]_i_2/CO[3]
                         net (fo=1, routed)           0.000    10.697    impl_fifo2/inst/gen_fifo.xpm_fifo_axis_inst/gaxis_pkt_fifo_cc.axis_pkt_cnt_reg[0]_i_2_n_0
    SLICE_X11Y92         CARRY4 (Prop_carry4_CI_CO[3])
                                                      0.114    10.811 r  impl_fifo2/inst/gen_fifo.xpm_fifo_axis_inst/gaxis_pkt_fifo_cc.axis_pkt_cnt_reg[4]_i_1/CO[3]
                         net (fo=1, routed)           0.000    10.811    impl_fifo2/inst/gen_fifo.xpm_fifo_axis_inst/gaxis_pkt_fifo_cc.axis_pkt_cnt_reg[4]_i_1_n_0
    SLICE_X11Y93         CARRY4 (Prop_carry4_CI_CO[3])
                                                      0.114    10.925 r  impl_fifo2/inst/gen_fifo.xpm_fifo_axis_inst/gaxis_pkt_fifo_cc.axis_pkt_cnt_reg[8]_i_1/CO[3]
                         net (fo=1, routed)           0.000    10.925    impl_fifo2/inst/gen_fifo.xpm_fifo_axis_inst/gaxis_pkt_fifo_cc.axis_pkt_cnt_reg[8]_i_1_n_0
    SLICE_X11Y94         CARRY4 (Prop_carry4_CI_CO[3])
                                                      0.114    11.039 r  impl_fifo2/inst/gen_fifo.xpm_fifo_axis_inst/gaxis_pkt_fifo_cc.axis_pkt_cnt_reg[12]_i_1/CO[3]
                         net (fo=1, routed)           0.000    11.039    impl_fifo2/inst/gen_fifo.xpm_fifo_axis_inst/gaxis_pkt_fifo_cc.axis_pkt_cnt_reg[12]_i_1_n_0
    SLICE_X11Y95         CARRY4 (Prop_carry4_CI_CO[3])
                                                      0.114    11.153 r  impl_fifo2/inst/gen_fifo.xpm_fifo_axis_inst/gaxis_pkt_fifo_cc.axis_pkt_cnt_reg[16]_i_1/CO[3]
                         net (fo=1, routed)           0.000    11.153    impl_fifo2/inst/gen_fifo.xpm_fifo_axis_inst/gaxis_pkt_fifo_cc.axis_pkt_cnt_reg[16]_i_1_n_0
    SLICE_X11Y96         CARRY4 (Prop_carry4_CI_CO[3])
                                                      0.114    11.267 r  impl_fifo2/inst/gen_fifo.xpm_fifo_axis_inst/gaxis_pkt_fifo_cc.axis_pkt_cnt_reg[20]_i_1/CO[3]
                         net (fo=1, routed)           0.000    11.267    impl_fifo2/inst/gen_fifo.xpm_fifo_axis_inst/gaxis_pkt_fifo_cc.axis_pkt_cnt_reg[20]_i_1_n_0
    SLICE_X11Y97         CARRY4 (Prop_carry4_CI_O[0])
                                                      0.223    11.490 r  impl_fifo2/inst/gen_fifo.xpm_fifo_axis_inst/gaxis_pkt_fifo_cc.axis_pkt_cnt_reg[24]_i_1/O[0]
                         net (fo=1, routed)           0.000    11.490    impl_fifo2/inst/gen_fifo.xpm_fifo_axis_inst/gaxis_pkt_fifo_cc.axis_pkt_cnt_reg[24]_i_1_n_7
    SLICE_X11Y97         FDRE                                         r  impl_fifo2/inst/gen_fifo.xpm_fifo_axis_inst/gaxis_pkt_fifo_cc.axis_pkt_cnt_reg[24]/D
  -------------------------------------------------------------------    -------------------

                         (clock sys_clk_pin rise edge)
                                                     10.000    10.000 r  
    E3                                                0.000    10.000 r  clk (IN)
                         net (fo=0)                   0.000    10.000    clk
    E3                   IBUF (Prop_ibuf_I_O)         1.411    11.411 r  clk_IBUF_inst/O
                         net (fo=1, routed)           1.920    13.331    clk_IBUF
    BUFGCTRL_X0Y16       BUFG (Prop_bufg_I_O)         0.091    13.422 r  clk_IBUF_BUFG_inst/O
                         net (fo=492, routed)         1.528    14.951    impl_fifo2/inst/gen_fifo.xpm_fifo_axis_inst/s_aclk
    SLICE_X11Y97         FDRE                                         r  impl_fifo2/inst/gen_fifo.xpm_fifo_axis_inst/gaxis_pkt_fifo_cc.axis_pkt_cnt_reg[24]/C
                         clock pessimism              0.180    15.131    
                         clock uncertainty           -0.035    15.095    
    SLICE_X11Y97         FDRE (Setup_fdre_C_D)        0.062    15.157    impl_fifo2/inst/gen_fifo.xpm_fifo_axis_inst/gaxis_pkt_fifo_cc.axis_pkt_cnt_reg[24]
  -------------------------------------------------------------------
                         required time                         15.157    
                         arrival time                         -11.490    
  -------------------------------------------------------------------
                         slack                                  3.668    

Slack (MET) :             3.670ns  (required time - arrival time)
  Source:                 impl_uart_tx/FSM_sequential_fsm_state_reg[0]/C
                            (rising edge-triggered cell FDRE clocked by sys_clk_pin  {rise@0.000ns fall@5.000ns period=10.000ns})
  Destination:            impl_fifo2/inst/gen_fifo.xpm_fifo_axis_inst/gaxis_pkt_fifo_cc.axis_pkt_cnt_reg[21]/D
                            (rising edge-triggered cell FDRE clocked by sys_clk_pin  {rise@0.000ns fall@5.000ns period=10.000ns})
  Path Group:             sys_clk_pin
  Path Type:              Setup (Max at Slow Process Corner)
  Requirement:            10.000ns  (sys_clk_pin rise@10.000ns - sys_clk_pin rise@0.000ns)
  Data Path Delay:        6.252ns  (logic 2.440ns (39.026%)  route 3.812ns (60.974%))
  Logic Levels:           8  (CARRY4=6 LUT2=1 LUT6=1)
  Clock Path Skew:        -0.105ns (DCD - SCD + CPR)
    Destination Clock Delay (DCD):    4.950ns = ( 14.950 - 10.000 ) 
    Source Clock Delay      (SCD):    5.234ns
    Clock Pessimism Removal (CPR):    0.180ns
  Clock Uncertainty:      0.035ns  ((TSJ^2 + TIJ^2)^1/2 + DJ) / 2 + PE
    Total System Jitter     (TSJ):    0.071ns
    Total Input Jitter      (TIJ):    0.000ns
    Discrete Jitter          (DJ):    0.000ns
    Phase Error              (PE):    0.000ns

    Location             Delay type                Incr(ns)  Path(ns)    Netlist Resource(s)
  -------------------------------------------------------------------    -------------------
                         (clock sys_clk_pin rise edge)
                                                      0.000     0.000 r  
    E3                                                0.000     0.000 r  clk (IN)
                         net (fo=0)                   0.000     0.000    clk
    E3                   IBUF (Prop_ibuf_I_O)         1.482     1.482 r  clk_IBUF_inst/O
                         net (fo=1, routed)           2.025     3.506    clk_IBUF
    BUFGCTRL_X0Y16       BUFG (Prop_bufg_I_O)         0.096     3.602 r  clk_IBUF_BUFG_inst/O
                         net (fo=492, routed)         1.632     5.234    impl_uart_tx/clk_IBUF_BUFG
    SLICE_X10Y102        FDRE                                         r  impl_uart_tx/FSM_sequential_fsm_state_reg[0]/C
  -------------------------------------------------------------------    -------------------
    SLICE_X10Y102        FDRE (Prop_fdre_C_Q)         0.518     5.752 f  impl_uart_tx/FSM_sequential_fsm_state_reg[0]/Q
                         net (fo=12, routed)          1.433     7.185    impl_uart_tx/fsm_state[0]
    SLICE_X10Y102        LUT2 (Prop_lut2_I1_O)        0.148     7.333 r  impl_uart_tx/impl_fifo2_i_1/O
                         net (fo=36, routed)          1.724     9.057    impl_fifo2/inst/gen_fifo.xpm_fifo_axis_inst/m_axis_tready
    SLICE_X10Y91         LUT6 (Prop_lut6_I0_O)        0.328     9.385 r  impl_fifo2/inst/gen_fifo.xpm_fifo_axis_inst/gaxis_pkt_fifo_cc.axis_pkt_cnt[0]_i_7/O
                         net (fo=1, routed)           0.656    10.041    impl_fifo2/inst/gen_fifo.xpm_fifo_axis_inst/gaxis_pkt_fifo_cc.axis_pkt_cnt[0]_i_7_n_0
    SLICE_X11Y91         CARRY4 (Prop_carry4_S[0]_CO[3])
                                                      0.656    10.697 r  impl_fifo2/inst/gen_fifo.xpm_fifo_axis_inst/gaxis_pkt_fifo_cc.axis_pkt_cnt_reg[0]_i_2/CO[3]
                         net (fo=1, routed)           0.000    10.697    impl_fifo2/inst/gen_fifo.xpm_fifo_axis_inst/gaxis_pkt_fifo_cc.axis_pkt_cnt_reg[0]_i_2_n_0
    SLICE_X11Y92         CARRY4 (Prop_carry4_CI_CO[3])
                                                      0.114    10.811 r  impl_fifo2/inst/gen_fifo.xpm_fifo_axis_inst/gaxis_pkt_fifo_cc.axis_pkt_cnt_reg[4]_i_1/CO[3]
                         net (fo=1, routed)           0.000    10.811    impl_fifo2/inst/gen_fifo.xpm_fifo_axis_inst/gaxis_pkt_fifo_cc.axis_pkt_cnt_reg[4]_i_1_n_0
    SLICE_X11Y93         CARRY4 (Prop_carry4_CI_CO[3])
                                                      0.114    10.925 r  impl_fifo2/inst/gen_fifo.xpm_fifo_axis_inst/gaxis_pkt_fifo_cc.axis_pkt_cnt_reg[8]_i_1/CO[3]
                         net (fo=1, routed)           0.000    10.925    impl_fifo2/inst/gen_fifo.xpm_fifo_axis_inst/gaxis_pkt_fifo_cc.axis_pkt_cnt_reg[8]_i_1_n_0
    SLICE_X11Y94         CARRY4 (Prop_carry4_CI_CO[3])
                                                      0.114    11.039 r  impl_fifo2/inst/gen_fifo.xpm_fifo_axis_inst/gaxis_pkt_fifo_cc.axis_pkt_cnt_reg[12]_i_1/CO[3]
                         net (fo=1, routed)           0.000    11.039    impl_fifo2/inst/gen_fifo.xpm_fifo_axis_inst/gaxis_pkt_fifo_cc.axis_pkt_cnt_reg[12]_i_1_n_0
    SLICE_X11Y95         CARRY4 (Prop_carry4_CI_CO[3])
                                                      0.114    11.153 r  impl_fifo2/inst/gen_fifo.xpm_fifo_axis_inst/gaxis_pkt_fifo_cc.axis_pkt_cnt_reg[16]_i_1/CO[3]
                         net (fo=1, routed)           0.000    11.153    impl_fifo2/inst/gen_fifo.xpm_fifo_axis_inst/gaxis_pkt_fifo_cc.axis_pkt_cnt_reg[16]_i_1_n_0
    SLICE_X11Y96         CARRY4 (Prop_carry4_CI_O[1])
                                                      0.334    11.487 r  impl_fifo2/inst/gen_fifo.xpm_fifo_axis_inst/gaxis_pkt_fifo_cc.axis_pkt_cnt_reg[20]_i_1/O[1]
                         net (fo=1, routed)           0.000    11.487    impl_fifo2/inst/gen_fifo.xpm_fifo_axis_inst/gaxis_pkt_fifo_cc.axis_pkt_cnt_reg[20]_i_1_n_6
    SLICE_X11Y96         FDRE                                         r  impl_fifo2/inst/gen_fifo.xpm_fifo_axis_inst/gaxis_pkt_fifo_cc.axis_pkt_cnt_reg[21]/D
  -------------------------------------------------------------------    -------------------

                         (clock sys_clk_pin rise edge)
                                                     10.000    10.000 r  
    E3                                                0.000    10.000 r  clk (IN)
                         net (fo=0)                   0.000    10.000    clk
    E3                   IBUF (Prop_ibuf_I_O)         1.411    11.411 r  clk_IBUF_inst/O
                         net (fo=1, routed)           1.920    13.331    clk_IBUF
    BUFGCTRL_X0Y16       BUFG (Prop_bufg_I_O)         0.091    13.422 r  clk_IBUF_BUFG_inst/O
                         net (fo=492, routed)         1.527    14.950    impl_fifo2/inst/gen_fifo.xpm_fifo_axis_inst/s_aclk
    SLICE_X11Y96         FDRE                                         r  impl_fifo2/inst/gen_fifo.xpm_fifo_axis_inst/gaxis_pkt_fifo_cc.axis_pkt_cnt_reg[21]/C
                         clock pessimism              0.180    15.130    
                         clock uncertainty           -0.035    15.094    
    SLICE_X11Y96         FDRE (Setup_fdre_C_D)        0.062    15.156    impl_fifo2/inst/gen_fifo.xpm_fifo_axis_inst/gaxis_pkt_fifo_cc.axis_pkt_cnt_reg[21]
  -------------------------------------------------------------------
                         required time                         15.156    
                         arrival time                         -11.487    
  -------------------------------------------------------------------
                         slack                                  3.670    

Slack (MET) :             3.691ns  (required time - arrival time)
  Source:                 impl_uart_tx/FSM_sequential_fsm_state_reg[0]/C
                            (rising edge-triggered cell FDRE clocked by sys_clk_pin  {rise@0.000ns fall@5.000ns period=10.000ns})
  Destination:            impl_fifo2/inst/gen_fifo.xpm_fifo_axis_inst/gaxis_pkt_fifo_cc.axis_pkt_cnt_reg[23]/D
                            (rising edge-triggered cell FDRE clocked by sys_clk_pin  {rise@0.000ns fall@5.000ns period=10.000ns})
  Path Group:             sys_clk_pin
  Path Type:              Setup (Max at Slow Process Corner)
  Requirement:            10.000ns  (sys_clk_pin rise@10.000ns - sys_clk_pin rise@0.000ns)
  Data Path Delay:        6.231ns  (logic 2.419ns (38.821%)  route 3.812ns (61.179%))
  Logic Levels:           8  (CARRY4=6 LUT2=1 LUT6=1)
  Clock Path Skew:        -0.105ns (DCD - SCD + CPR)
    Destination Clock Delay (DCD):    4.950ns = ( 14.950 - 10.000 ) 
    Source Clock Delay      (SCD):    5.234ns
    Clock Pessimism Removal (CPR):    0.180ns
  Clock Uncertainty:      0.035ns  ((TSJ^2 + TIJ^2)^1/2 + DJ) / 2 + PE
    Total System Jitter     (TSJ):    0.071ns
    Total Input Jitter      (TIJ):    0.000ns
    Discrete Jitter          (DJ):    0.000ns
    Phase Error              (PE):    0.000ns

    Location             Delay type                Incr(ns)  Path(ns)    Netlist Resource(s)
  -------------------------------------------------------------------    -------------------
                         (clock sys_clk_pin rise edge)
                                                      0.000     0.000 r  
    E3                                                0.000     0.000 r  clk (IN)
                         net (fo=0)                   0.000     0.000    clk
    E3                   IBUF (Prop_ibuf_I_O)         1.482     1.482 r  clk_IBUF_inst/O
                         net (fo=1, routed)           2.025     3.506    clk_IBUF
    BUFGCTRL_X0Y16       BUFG (Prop_bufg_I_O)         0.096     3.602 r  clk_IBUF_BUFG_inst/O
                         net (fo=492, routed)         1.632     5.234    impl_uart_tx/clk_IBUF_BUFG
    SLICE_X10Y102        FDRE                                         r  impl_uart_tx/FSM_sequential_fsm_state_reg[0]/C
  -------------------------------------------------------------------    -------------------
    SLICE_X10Y102        FDRE (Prop_fdre_C_Q)         0.518     5.752 f  impl_uart_tx/FSM_sequential_fsm_state_reg[0]/Q
                         net (fo=12, routed)          1.433     7.185    impl_uart_tx/fsm_state[0]
    SLICE_X10Y102        LUT2 (Prop_lut2_I1_O)        0.148     7.333 r  impl_uart_tx/impl_fifo2_i_1/O
                         net (fo=36, routed)          1.724     9.057    impl_fifo2/inst/gen_fifo.xpm_fifo_axis_inst/m_axis_tready
    SLICE_X10Y91         LUT6 (Prop_lut6_I0_O)        0.328     9.385 r  impl_fifo2/inst/gen_fifo.xpm_fifo_axis_inst/gaxis_pkt_fifo_cc.axis_pkt_cnt[0]_i_7/O
                         net (fo=1, routed)           0.656    10.041    impl_fifo2/inst/gen_fifo.xpm_fifo_axis_inst/gaxis_pkt_fifo_cc.axis_pkt_cnt[0]_i_7_n_0
    SLICE_X11Y91         CARRY4 (Prop_carry4_S[0]_CO[3])
                                                      0.656    10.697 r  impl_fifo2/inst/gen_fifo.xpm_fifo_axis_inst/gaxis_pkt_fifo_cc.axis_pkt_cnt_reg[0]_i_2/CO[3]
                         net (fo=1, routed)           0.000    10.697    impl_fifo2/inst/gen_fifo.xpm_fifo_axis_inst/gaxis_pkt_fifo_cc.axis_pkt_cnt_reg[0]_i_2_n_0
    SLICE_X11Y92         CARRY4 (Prop_carry4_CI_CO[3])
                                                      0.114    10.811 r  impl_fifo2/inst/gen_fifo.xpm_fifo_axis_inst/gaxis_pkt_fifo_cc.axis_pkt_cnt_reg[4]_i_1/CO[3]
                         net (fo=1, routed)           0.000    10.811    impl_fifo2/inst/gen_fifo.xpm_fifo_axis_inst/gaxis_pkt_fifo_cc.axis_pkt_cnt_reg[4]_i_1_n_0
    SLICE_X11Y93         CARRY4 (Prop_carry4_CI_CO[3])
                                                      0.114    10.925 r  impl_fifo2/inst/gen_fifo.xpm_fifo_axis_inst/gaxis_pkt_fifo_cc.axis_pkt_cnt_reg[8]_i_1/CO[3]
                         net (fo=1, routed)           0.000    10.925    impl_fifo2/inst/gen_fifo.xpm_fifo_axis_inst/gaxis_pkt_fifo_cc.axis_pkt_cnt_reg[8]_i_1_n_0
    SLICE_X11Y94         CARRY4 (Prop_carry4_CI_CO[3])
                                                      0.114    11.039 r  impl_fifo2/inst/gen_fifo.xpm_fifo_axis_inst/gaxis_pkt_fifo_cc.axis_pkt_cnt_reg[12]_i_1/CO[3]
                         net (fo=1, routed)           0.000    11.039    impl_fifo2/inst/gen_fifo.xpm_fifo_axis_inst/gaxis_pkt_fifo_cc.axis_pkt_cnt_reg[12]_i_1_n_0
    SLICE_X11Y95         CARRY4 (Prop_carry4_CI_CO[3])
                                                      0.114    11.153 r  impl_fifo2/inst/gen_fifo.xpm_fifo_axis_inst/gaxis_pkt_fifo_cc.axis_pkt_cnt_reg[16]_i_1/CO[3]
                         net (fo=1, routed)           0.000    11.153    impl_fifo2/inst/gen_fifo.xpm_fifo_axis_inst/gaxis_pkt_fifo_cc.axis_pkt_cnt_reg[16]_i_1_n_0
    SLICE_X11Y96         CARRY4 (Prop_carry4_CI_O[3])
                                                      0.313    11.466 r  impl_fifo2/inst/gen_fifo.xpm_fifo_axis_inst/gaxis_pkt_fifo_cc.axis_pkt_cnt_reg[20]_i_1/O[3]
                         net (fo=1, routed)           0.000    11.466    impl_fifo2/inst/gen_fifo.xpm_fifo_axis_inst/gaxis_pkt_fifo_cc.axis_pkt_cnt_reg[20]_i_1_n_4
    SLICE_X11Y96         FDRE                                         r  impl_fifo2/inst/gen_fifo.xpm_fifo_axis_inst/gaxis_pkt_fifo_cc.axis_pkt_cnt_reg[23]/D
  -------------------------------------------------------------------    -------------------

                         (clock sys_clk_pin rise edge)
                                                     10.000    10.000 r  
    E3                                                0.000    10.000 r  clk (IN)
                         net (fo=0)                   0.000    10.000    clk
    E3                   IBUF (Prop_ibuf_I_O)         1.411    11.411 r  clk_IBUF_inst/O
                         net (fo=1, routed)           1.920    13.331    clk_IBUF
    BUFGCTRL_X0Y16       BUFG (Prop_bufg_I_O)         0.091    13.422 r  clk_IBUF_BUFG_inst/O
                         net (fo=492, routed)         1.527    14.950    impl_fifo2/inst/gen_fifo.xpm_fifo_axis_inst/s_aclk
    SLICE_X11Y96         FDRE                                         r  impl_fifo2/inst/gen_fifo.xpm_fifo_axis_inst/gaxis_pkt_fifo_cc.axis_pkt_cnt_reg[23]/C
                         clock pessimism              0.180    15.130    
                         clock uncertainty           -0.035    15.094    
    SLICE_X11Y96         FDRE (Setup_fdre_C_D)        0.062    15.156    impl_fifo2/inst/gen_fifo.xpm_fifo_axis_inst/gaxis_pkt_fifo_cc.axis_pkt_cnt_reg[23]
  -------------------------------------------------------------------
                         required time                         15.156    
                         arrival time                         -11.466    
  -------------------------------------------------------------------
                         slack                                  3.691    





Min Delay Paths
--------------------------------------------------------------------------------------
Slack (MET) :             0.094ns  (arrival time - required time)
  Source:                 impl_fifo2/inst/gen_fifo.xpm_fifo_axis_inst/xpm_fifo_base_inst/wrp_inst/count_value_i_reg[3]/C
                            (rising edge-triggered cell FDRE clocked by sys_clk_pin  {rise@0.000ns fall@5.000ns period=10.000ns})
  Destination:            impl_fifo2/inst/gen_fifo.xpm_fifo_axis_inst/xpm_fifo_base_inst/gen_sdpram.xpm_memory_base_inst/gen_wr_a.gen_word_narrow.mem_reg_0_63_3_5/RAMA/WADR3
                            (rising edge-triggered cell RAMD64E clocked by sys_clk_pin  {rise@0.000ns fall@5.000ns period=10.000ns})
  Path Group:             sys_clk_pin
  Path Type:              Hold (Min at Fast Process Corner)
  Requirement:            0.000ns  (sys_clk_pin rise@0.000ns - sys_clk_pin rise@0.000ns)
  Data Path Delay:        0.374ns  (logic 0.141ns (37.691%)  route 0.233ns (62.309%))
  Logic Levels:           0  
  Clock Path Skew:        0.040ns (DCD - SCD - CPR)
    Destination Clock Delay (DCD):    2.037ns
    Source Clock Delay      (SCD):    1.517ns
    Clock Pessimism Removal (CPR):    0.479ns

    Location             Delay type                Incr(ns)  Path(ns)    Netlist Resource(s)
  -------------------------------------------------------------------    -------------------
                         (clock sys_clk_pin rise edge)
                                                      0.000     0.000 r  
    E3                                                0.000     0.000 r  clk (IN)
                         net (fo=0)                   0.000     0.000    clk
    E3                   IBUF (Prop_ibuf_I_O)         0.250     0.250 r  clk_IBUF_inst/O
                         net (fo=1, routed)           0.644     0.894    clk_IBUF
    BUFGCTRL_X0Y16       BUFG (Prop_bufg_I_O)         0.026     0.920 r  clk_IBUF_BUFG_inst/O
                         net (fo=492, routed)         0.598     1.517    impl_fifo2/inst/gen_fifo.xpm_fifo_axis_inst/xpm_fifo_base_inst/wrp_inst/wr_clk
    SLICE_X4Y100         FDRE                                         r  impl_fifo2/inst/gen_fifo.xpm_fifo_axis_inst/xpm_fifo_base_inst/wrp_inst/count_value_i_reg[3]/C
  -------------------------------------------------------------------    -------------------
    SLICE_X4Y100         FDRE (Prop_fdre_C_Q)         0.141     1.658 r  impl_fifo2/inst/gen_fifo.xpm_fifo_axis_inst/xpm_fifo_base_inst/wrp_inst/count_value_i_reg[3]/Q
                         net (fo=25, routed)          0.233     1.892    impl_fifo2/inst/gen_fifo.xpm_fifo_axis_inst/xpm_fifo_base_inst/gen_sdpram.xpm_memory_base_inst/gen_wr_a.gen_word_narrow.mem_reg_0_63_3_5/ADDRD3
    SLICE_X2Y100         RAMD64E                                      r  impl_fifo2/inst/gen_fifo.xpm_fifo_axis_inst/xpm_fifo_base_inst/gen_sdpram.xpm_memory_base_inst/gen_wr_a.gen_word_narrow.mem_reg_0_63_3_5/RAMA/WADR3
  -------------------------------------------------------------------    -------------------

                         (clock sys_clk_pin rise edge)
                                                      0.000     0.000 r  
    E3                                                0.000     0.000 r  clk (IN)
                         net (fo=0)                   0.000     0.000    clk
    E3                   IBUF (Prop_ibuf_I_O)         0.438     0.438 r  clk_IBUF_inst/O
                         net (fo=1, routed)           0.699     1.136    clk_IBUF
    BUFGCTRL_X0Y16       BUFG (Prop_bufg_I_O)         0.029     1.165 r  clk_IBUF_BUFG_inst/O
                         net (fo=492, routed)         0.872     2.037    impl_fifo2/inst/gen_fifo.xpm_fifo_axis_inst/xpm_fifo_base_inst/gen_sdpram.xpm_memory_base_inst/gen_wr_a.gen_word_narrow.mem_reg_0_63_3_5/WCLK
    SLICE_X2Y100         RAMD64E                                      r  impl_fifo2/inst/gen_fifo.xpm_fifo_axis_inst/xpm_fifo_base_inst/gen_sdpram.xpm_memory_base_inst/gen_wr_a.gen_word_narrow.mem_reg_0_63_3_5/RAMA/CLK
                         clock pessimism             -0.479     1.557    
    SLICE_X2Y100         RAMD64E (Hold_ramd64e_CLK_WADR3)
                                                      0.240     1.797    impl_fifo2/inst/gen_fifo.xpm_fifo_axis_inst/xpm_fifo_base_inst/gen_sdpram.xpm_memory_base_inst/gen_wr_a.gen_word_narrow.mem_reg_0_63_3_5/RAMA
  -------------------------------------------------------------------
                         required time                         -1.797    
                         arrival time                           1.892    
  -------------------------------------------------------------------
                         slack                                  0.094    

Slack (MET) :             0.094ns  (arrival time - required time)
  Source:                 impl_fifo2/inst/gen_fifo.xpm_fifo_axis_inst/xpm_fifo_base_inst/wrp_inst/count_value_i_reg[3]/C
                            (rising edge-triggered cell FDRE clocked by sys_clk_pin  {rise@0.000ns fall@5.000ns period=10.000ns})
  Destination:            impl_fifo2/inst/gen_fifo.xpm_fifo_axis_inst/xpm_fifo_base_inst/gen_sdpram.xpm_memory_base_inst/gen_wr_a.gen_word_narrow.mem_reg_0_63_3_5/RAMB/WADR3
                            (rising edge-triggered cell RAMD64E clocked by sys_clk_pin  {rise@0.000ns fall@5.000ns period=10.000ns})
  Path Group:             sys_clk_pin
  Path Type:              Hold (Min at Fast Process Corner)
  Requirement:            0.000ns  (sys_clk_pin rise@0.000ns - sys_clk_pin rise@0.000ns)
  Data Path Delay:        0.374ns  (logic 0.141ns (37.691%)  route 0.233ns (62.309%))
  Logic Levels:           0  
  Clock Path Skew:        0.040ns (DCD - SCD - CPR)
    Destination Clock Delay (DCD):    2.037ns
    Source Clock Delay      (SCD):    1.517ns
    Clock Pessimism Removal (CPR):    0.479ns

    Location             Delay type                Incr(ns)  Path(ns)    Netlist Resource(s)
  -------------------------------------------------------------------    -------------------
                         (clock sys_clk_pin rise edge)
                                                      0.000     0.000 r  
    E3                                                0.000     0.000 r  clk (IN)
                         net (fo=0)                   0.000     0.000    clk
    E3                   IBUF (Prop_ibuf_I_O)         0.250     0.250 r  clk_IBUF_inst/O
                         net (fo=1, routed)           0.644     0.894    clk_IBUF
    BUFGCTRL_X0Y16       BUFG (Prop_bufg_I_O)         0.026     0.920 r  clk_IBUF_BUFG_inst/O
                         net (fo=492, routed)         0.598     1.517    impl_fifo2/inst/gen_fifo.xpm_fifo_axis_inst/xpm_fifo_base_inst/wrp_inst/wr_clk
    SLICE_X4Y100         FDRE                                         r  impl_fifo2/inst/gen_fifo.xpm_fifo_axis_inst/xpm_fifo_base_inst/wrp_inst/count_value_i_reg[3]/C
  -------------------------------------------------------------------    -------------------
    SLICE_X4Y100         FDRE (Prop_fdre_C_Q)         0.141     1.658 r  impl_fifo2/inst/gen_fifo.xpm_fifo_axis_inst/xpm_fifo_base_inst/wrp_inst/count_value_i_reg[3]/Q
                         net (fo=25, routed)          0.233     1.892    impl_fifo2/inst/gen_fifo.xpm_fifo_axis_inst/xpm_fifo_base_inst/gen_sdpram.xpm_memory_base_inst/gen_wr_a.gen_word_narrow.mem_reg_0_63_3_5/ADDRD3
    SLICE_X2Y100         RAMD64E                                      r  impl_fifo2/inst/gen_fifo.xpm_fifo_axis_inst/xpm_fifo_base_inst/gen_sdpram.xpm_memory_base_inst/gen_wr_a.gen_word_narrow.mem_reg_0_63_3_5/RAMB/WADR3
  -------------------------------------------------------------------    -------------------

                         (clock sys_clk_pin rise edge)
                                                      0.000     0.000 r  
    E3                                                0.000     0.000 r  clk (IN)
                         net (fo=0)                   0.000     0.000    clk
    E3                   IBUF (Prop_ibuf_I_O)         0.438     0.438 r  clk_IBUF_inst/O
                         net (fo=1, routed)           0.699     1.136    clk_IBUF
    BUFGCTRL_X0Y16       BUFG (Prop_bufg_I_O)         0.029     1.165 r  clk_IBUF_BUFG_inst/O
                         net (fo=492, routed)         0.872     2.037    impl_fifo2/inst/gen_fifo.xpm_fifo_axis_inst/xpm_fifo_base_inst/gen_sdpram.xpm_memory_base_inst/gen_wr_a.gen_word_narrow.mem_reg_0_63_3_5/WCLK
    SLICE_X2Y100         RAMD64E                                      r  impl_fifo2/inst/gen_fifo.xpm_fifo_axis_inst/xpm_fifo_base_inst/gen_sdpram.xpm_memory_base_inst/gen_wr_a.gen_word_narrow.mem_reg_0_63_3_5/RAMB/CLK
                         clock pessimism             -0.479     1.557    
    SLICE_X2Y100         RAMD64E (Hold_ramd64e_CLK_WADR3)
                                                      0.240     1.797    impl_fifo2/inst/gen_fifo.xpm_fifo_axis_inst/xpm_fifo_base_inst/gen_sdpram.xpm_memory_base_inst/gen_wr_a.gen_word_narrow.mem_reg_0_63_3_5/RAMB
  -------------------------------------------------------------------
                         required time                         -1.797    
                         arrival time                           1.892    
  -------------------------------------------------------------------
                         slack                                  0.094    

Slack (MET) :             0.094ns  (arrival time - required time)
  Source:                 impl_fifo2/inst/gen_fifo.xpm_fifo_axis_inst/xpm_fifo_base_inst/wrp_inst/count_value_i_reg[3]/C
                            (rising edge-triggered cell FDRE clocked by sys_clk_pin  {rise@0.000ns fall@5.000ns period=10.000ns})
  Destination:            impl_fifo2/inst/gen_fifo.xpm_fifo_axis_inst/xpm_fifo_base_inst/gen_sdpram.xpm_memory_base_inst/gen_wr_a.gen_word_narrow.mem_reg_0_63_3_5/RAMC/WADR3
                            (rising edge-triggered cell RAMD64E clocked by sys_clk_pin  {rise@0.000ns fall@5.000ns period=10.000ns})
  Path Group:             sys_clk_pin
  Path Type:              Hold (Min at Fast Process Corner)
  Requirement:            0.000ns  (sys_clk_pin rise@0.000ns - sys_clk_pin rise@0.000ns)
  Data Path Delay:        0.374ns  (logic 0.141ns (37.691%)  route 0.233ns (62.309%))
  Logic Levels:           0  
  Clock Path Skew:        0.040ns (DCD - SCD - CPR)
    Destination Clock Delay (DCD):    2.037ns
    Source Clock Delay      (SCD):    1.517ns
    Clock Pessimism Removal (CPR):    0.479ns

    Location             Delay type                Incr(ns)  Path(ns)    Netlist Resource(s)
  -------------------------------------------------------------------    -------------------
                         (clock sys_clk_pin rise edge)
                                                      0.000     0.000 r  
    E3                                                0.000     0.000 r  clk (IN)
                         net (fo=0)                   0.000     0.000    clk
    E3                   IBUF (Prop_ibuf_I_O)         0.250     0.250 r  clk_IBUF_inst/O
                         net (fo=1, routed)           0.644     0.894    clk_IBUF
    BUFGCTRL_X0Y16       BUFG (Prop_bufg_I_O)         0.026     0.920 r  clk_IBUF_BUFG_inst/O
                         net (fo=492, routed)         0.598     1.517    impl_fifo2/inst/gen_fifo.xpm_fifo_axis_inst/xpm_fifo_base_inst/wrp_inst/wr_clk
    SLICE_X4Y100         FDRE                                         r  impl_fifo2/inst/gen_fifo.xpm_fifo_axis_inst/xpm_fifo_base_inst/wrp_inst/count_value_i_reg[3]/C
  -------------------------------------------------------------------    -------------------
    SLICE_X4Y100         FDRE (Prop_fdre_C_Q)         0.141     1.658 r  impl_fifo2/inst/gen_fifo.xpm_fifo_axis_inst/xpm_fifo_base_inst/wrp_inst/count_value_i_reg[3]/Q
                         net (fo=25, routed)          0.233     1.892    impl_fifo2/inst/gen_fifo.xpm_fifo_axis_inst/xpm_fifo_base_inst/gen_sdpram.xpm_memory_base_inst/gen_wr_a.gen_word_narrow.mem_reg_0_63_3_5/ADDRD3
    SLICE_X2Y100         RAMD64E                                      r  impl_fifo2/inst/gen_fifo.xpm_fifo_axis_inst/xpm_fifo_base_inst/gen_sdpram.xpm_memory_base_inst/gen_wr_a.gen_word_narrow.mem_reg_0_63_3_5/RAMC/WADR3
  -------------------------------------------------------------------    -------------------

                         (clock sys_clk_pin rise edge)
                                                      0.000     0.000 r  
    E3                                                0.000     0.000 r  clk (IN)
                         net (fo=0)                   0.000     0.000    clk
    E3                   IBUF (Prop_ibuf_I_O)         0.438     0.438 r  clk_IBUF_inst/O
                         net (fo=1, routed)           0.699     1.136    clk_IBUF
    BUFGCTRL_X0Y16       BUFG (Prop_bufg_I_O)         0.029     1.165 r  clk_IBUF_BUFG_inst/O
                         net (fo=492, routed)         0.872     2.037    impl_fifo2/inst/gen_fifo.xpm_fifo_axis_inst/xpm_fifo_base_inst/gen_sdpram.xpm_memory_base_inst/gen_wr_a.gen_word_narrow.mem_reg_0_63_3_5/WCLK
    SLICE_X2Y100         RAMD64E                                      r  impl_fifo2/inst/gen_fifo.xpm_fifo_axis_inst/xpm_fifo_base_inst/gen_sdpram.xpm_memory_base_inst/gen_wr_a.gen_word_narrow.mem_reg_0_63_3_5/RAMC/CLK
                         clock pessimism             -0.479     1.557    
    SLICE_X2Y100         RAMD64E (Hold_ramd64e_CLK_WADR3)
                                                      0.240     1.797    impl_fifo2/inst/gen_fifo.xpm_fifo_axis_inst/xpm_fifo_base_inst/gen_sdpram.xpm_memory_base_inst/gen_wr_a.gen_word_narrow.mem_reg_0_63_3_5/RAMC
  -------------------------------------------------------------------
                         required time                         -1.797    
                         arrival time                           1.892    
  -------------------------------------------------------------------
                         slack                                  0.094    

Slack (MET) :             0.094ns  (arrival time - required time)
  Source:                 impl_fifo2/inst/gen_fifo.xpm_fifo_axis_inst/xpm_fifo_base_inst/wrp_inst/count_value_i_reg[3]/C
                            (rising edge-triggered cell FDRE clocked by sys_clk_pin  {rise@0.000ns fall@5.000ns period=10.000ns})
  Destination:            impl_fifo2/inst/gen_fifo.xpm_fifo_axis_inst/xpm_fifo_base_inst/gen_sdpram.xpm_memory_base_inst/gen_wr_a.gen_word_narrow.mem_reg_0_63_3_5/RAMD/WADR3
                            (rising edge-triggered cell RAMD64E clocked by sys_clk_pin  {rise@0.000ns fall@5.000ns period=10.000ns})
  Path Group:             sys_clk_pin
  Path Type:              Hold (Min at Fast Process Corner)
  Requirement:            0.000ns  (sys_clk_pin rise@0.000ns - sys_clk_pin rise@0.000ns)
  Data Path Delay:        0.374ns  (logic 0.141ns (37.691%)  route 0.233ns (62.309%))
  Logic Levels:           0  
  Clock Path Skew:        0.040ns (DCD - SCD - CPR)
    Destination Clock Delay (DCD):    2.037ns
    Source Clock Delay      (SCD):    1.517ns
    Clock Pessimism Removal (CPR):    0.479ns

    Location             Delay type                Incr(ns)  Path(ns)    Netlist Resource(s)
  -------------------------------------------------------------------    -------------------
                         (clock sys_clk_pin rise edge)
                                                      0.000     0.000 r  
    E3                                                0.000     0.000 r  clk (IN)
                         net (fo=0)                   0.000     0.000    clk
    E3                   IBUF (Prop_ibuf_I_O)         0.250     0.250 r  clk_IBUF_inst/O
                         net (fo=1, routed)           0.644     0.894    clk_IBUF
    BUFGCTRL_X0Y16       BUFG (Prop_bufg_I_O)         0.026     0.920 r  clk_IBUF_BUFG_inst/O
                         net (fo=492, routed)         0.598     1.517    impl_fifo2/inst/gen_fifo.xpm_fifo_axis_inst/xpm_fifo_base_inst/wrp_inst/wr_clk
    SLICE_X4Y100         FDRE                                         r  impl_fifo2/inst/gen_fifo.xpm_fifo_axis_inst/xpm_fifo_base_inst/wrp_inst/count_value_i_reg[3]/C
  -------------------------------------------------------------------    -------------------
    SLICE_X4Y100         FDRE (Prop_fdre_C_Q)         0.141     1.658 r  impl_fifo2/inst/gen_fifo.xpm_fifo_axis_inst/xpm_fifo_base_inst/wrp_inst/count_value_i_reg[3]/Q
                         net (fo=25, routed)          0.233     1.892    impl_fifo2/inst/gen_fifo.xpm_fifo_axis_inst/xpm_fifo_base_inst/gen_sdpram.xpm_memory_base_inst/gen_wr_a.gen_word_narrow.mem_reg_0_63_3_5/ADDRD3
    SLICE_X2Y100         RAMD64E                                      r  impl_fifo2/inst/gen_fifo.xpm_fifo_axis_inst/xpm_fifo_base_inst/gen_sdpram.xpm_memory_base_inst/gen_wr_a.gen_word_narrow.mem_reg_0_63_3_5/RAMD/WADR3
  -------------------------------------------------------------------    -------------------

                         (clock sys_clk_pin rise edge)
                                                      0.000     0.000 r  
    E3                                                0.000     0.000 r  clk (IN)
                         net (fo=0)                   0.000     0.000    clk
    E3                   IBUF (Prop_ibuf_I_O)         0.438     0.438 r  clk_IBUF_inst/O
                         net (fo=1, routed)           0.699     1.136    clk_IBUF
    BUFGCTRL_X0Y16       BUFG (Prop_bufg_I_O)         0.029     1.165 r  clk_IBUF_BUFG_inst/O
                         net (fo=492, routed)         0.872     2.037    impl_fifo2/inst/gen_fifo.xpm_fifo_axis_inst/xpm_fifo_base_inst/gen_sdpram.xpm_memory_base_inst/gen_wr_a.gen_word_narrow.mem_reg_0_63_3_5/WCLK
    SLICE_X2Y100         RAMD64E                                      r  impl_fifo2/inst/gen_fifo.xpm_fifo_axis_inst/xpm_fifo_base_inst/gen_sdpram.xpm_memory_base_inst/gen_wr_a.gen_word_narrow.mem_reg_0_63_3_5/RAMD/CLK
                         clock pessimism             -0.479     1.557    
    SLICE_X2Y100         RAMD64E (Hold_ramd64e_CLK_WADR3)
                                                      0.240     1.797    impl_fifo2/inst/gen_fifo.xpm_fifo_axis_inst/xpm_fifo_base_inst/gen_sdpram.xpm_memory_base_inst/gen_wr_a.gen_word_narrow.mem_reg_0_63_3_5/RAMD
  -------------------------------------------------------------------
                         required time                         -1.797    
                         arrival time                           1.892    
  -------------------------------------------------------------------
                         slack                                  0.094    

Slack (MET) :             0.104ns  (arrival time - required time)
  Source:                 impl_fifo2/inst/gen_fifo.xpm_fifo_axis_inst/xpm_fifo_base_inst/wrp_inst/count_value_i_reg[3]/C
                            (rising edge-triggered cell FDRE clocked by sys_clk_pin  {rise@0.000ns fall@5.000ns period=10.000ns})
  Destination:            impl_fifo2/inst/gen_fifo.xpm_fifo_axis_inst/xpm_fifo_base_inst/gen_sdpram.xpm_memory_base_inst/gen_wr_a.gen_word_narrow.mem_reg_0_63_0_2/RAMA/WADR3
                            (rising edge-triggered cell RAMD64E clocked by sys_clk_pin  {rise@0.000ns fall@5.000ns period=10.000ns})
  Path Group:             sys_clk_pin
  Path Type:              Hold (Min at Fast Process Corner)
  Requirement:            0.000ns  (sys_clk_pin rise@0.000ns - sys_clk_pin rise@0.000ns)
  Data Path Delay:        0.360ns  (logic 0.141ns (39.199%)  route 0.219ns (60.801%))
  Logic Levels:           0  
  Clock Path Skew:        0.016ns (DCD - SCD - CPR)
    Destination Clock Delay (DCD):    2.034ns
    Source Clock Delay      (SCD):    1.517ns
    Clock Pessimism Removal (CPR):    0.500ns

    Location             Delay type                Incr(ns)  Path(ns)    Netlist Resource(s)
  -------------------------------------------------------------------    -------------------
                         (clock sys_clk_pin rise edge)
                                                      0.000     0.000 r  
    E3                                                0.000     0.000 r  clk (IN)
                         net (fo=0)                   0.000     0.000    clk
    E3                   IBUF (Prop_ibuf_I_O)         0.250     0.250 r  clk_IBUF_inst/O
                         net (fo=1, routed)           0.644     0.894    clk_IBUF
    BUFGCTRL_X0Y16       BUFG (Prop_bufg_I_O)         0.026     0.920 r  clk_IBUF_BUFG_inst/O
                         net (fo=492, routed)         0.598     1.517    impl_fifo2/inst/gen_fifo.xpm_fifo_axis_inst/xpm_fifo_base_inst/wrp_inst/wr_clk
    SLICE_X4Y100         FDRE                                         r  impl_fifo2/inst/gen_fifo.xpm_fifo_axis_inst/xpm_fifo_base_inst/wrp_inst/count_value_i_reg[3]/C
  -------------------------------------------------------------------    -------------------
    SLICE_X4Y100         FDRE (Prop_fdre_C_Q)         0.141     1.658 r  impl_fifo2/inst/gen_fifo.xpm_fifo_axis_inst/xpm_fifo_base_inst/wrp_inst/count_value_i_reg[3]/Q
                         net (fo=25, routed)          0.219     1.877    impl_fifo2/inst/gen_fifo.xpm_fifo_axis_inst/xpm_fifo_base_inst/gen_sdpram.xpm_memory_base_inst/gen_wr_a.gen_word_narrow.mem_reg_0_63_0_2/ADDRD3
    SLICE_X6Y100         RAMD64E                                      r  impl_fifo2/inst/gen_fifo.xpm_fifo_axis_inst/xpm_fifo_base_inst/gen_sdpram.xpm_memory_base_inst/gen_wr_a.gen_word_narrow.mem_reg_0_63_0_2/RAMA/WADR3
  -------------------------------------------------------------------    -------------------

                         (clock sys_clk_pin rise edge)
                                                      0.000     0.000 r  
    E3                                                0.000     0.000 r  clk (IN)
                         net (fo=0)                   0.000     0.000    clk
    E3                   IBUF (Prop_ibuf_I_O)         0.438     0.438 r  clk_IBUF_inst/O
                         net (fo=1, routed)           0.699     1.136    clk_IBUF
    BUFGCTRL_X0Y16       BUFG (Prop_bufg_I_O)         0.029     1.165 r  clk_IBUF_BUFG_inst/O
                         net (fo=492, routed)         0.868     2.034    impl_fifo2/inst/gen_fifo.xpm_fifo_axis_inst/xpm_fifo_base_inst/gen_sdpram.xpm_memory_base_inst/gen_wr_a.gen_word_narrow.mem_reg_0_63_0_2/WCLK
    SLICE_X6Y100         RAMD64E                                      r  impl_fifo2/inst/gen_fifo.xpm_fifo_axis_inst/xpm_fifo_base_inst/gen_sdpram.xpm_memory_base_inst/gen_wr_a.gen_word_narrow.mem_reg_0_63_0_2/RAMA/CLK
                         clock pessimism             -0.500     1.533    
    SLICE_X6Y100         RAMD64E (Hold_ramd64e_CLK_WADR3)
                                                      0.240     1.773    impl_fifo2/inst/gen_fifo.xpm_fifo_axis_inst/xpm_fifo_base_inst/gen_sdpram.xpm_memory_base_inst/gen_wr_a.gen_word_narrow.mem_reg_0_63_0_2/RAMA
  -------------------------------------------------------------------
                         required time                         -1.773    
                         arrival time                           1.877    
  -------------------------------------------------------------------
                         slack                                  0.104    

Slack (MET) :             0.104ns  (arrival time - required time)
  Source:                 impl_fifo2/inst/gen_fifo.xpm_fifo_axis_inst/xpm_fifo_base_inst/wrp_inst/count_value_i_reg[3]/C
                            (rising edge-triggered cell FDRE clocked by sys_clk_pin  {rise@0.000ns fall@5.000ns period=10.000ns})
  Destination:            impl_fifo2/inst/gen_fifo.xpm_fifo_axis_inst/xpm_fifo_base_inst/gen_sdpram.xpm_memory_base_inst/gen_wr_a.gen_word_narrow.mem_reg_0_63_0_2/RAMB/WADR3
                            (rising edge-triggered cell RAMD64E clocked by sys_clk_pin  {rise@0.000ns fall@5.000ns period=10.000ns})
  Path Group:             sys_clk_pin
  Path Type:              Hold (Min at Fast Process Corner)
  Requirement:            0.000ns  (sys_clk_pin rise@0.000ns - sys_clk_pin rise@0.000ns)
  Data Path Delay:        0.360ns  (logic 0.141ns (39.199%)  route 0.219ns (60.801%))
  Logic Levels:           0  
  Clock Path Skew:        0.016ns (DCD - SCD - CPR)
    Destination Clock Delay (DCD):    2.034ns
    Source Clock Delay      (SCD):    1.517ns
    Clock Pessimism Removal (CPR):    0.500ns

    Location             Delay type                Incr(ns)  Path(ns)    Netlist Resource(s)
  -------------------------------------------------------------------    -------------------
                         (clock sys_clk_pin rise edge)
                                                      0.000     0.000 r  
    E3                                                0.000     0.000 r  clk (IN)
                         net (fo=0)                   0.000     0.000    clk
    E3                   IBUF (Prop_ibuf_I_O)         0.250     0.250 r  clk_IBUF_inst/O
                         net (fo=1, routed)           0.644     0.894    clk_IBUF
    BUFGCTRL_X0Y16       BUFG (Prop_bufg_I_O)         0.026     0.920 r  clk_IBUF_BUFG_inst/O
                         net (fo=492, routed)         0.598     1.517    impl_fifo2/inst/gen_fifo.xpm_fifo_axis_inst/xpm_fifo_base_inst/wrp_inst/wr_clk
    SLICE_X4Y100         FDRE                                         r  impl_fifo2/inst/gen_fifo.xpm_fifo_axis_inst/xpm_fifo_base_inst/wrp_inst/count_value_i_reg[3]/C
  -------------------------------------------------------------------    -------------------
    SLICE_X4Y100         FDRE (Prop_fdre_C_Q)         0.141     1.658 r  impl_fifo2/inst/gen_fifo.xpm_fifo_axis_inst/xpm_fifo_base_inst/wrp_inst/count_value_i_reg[3]/Q
                         net (fo=25, routed)          0.219     1.877    impl_fifo2/inst/gen_fifo.xpm_fifo_axis_inst/xpm_fifo_base_inst/gen_sdpram.xpm_memory_base_inst/gen_wr_a.gen_word_narrow.mem_reg_0_63_0_2/ADDRD3
    SLICE_X6Y100         RAMD64E                                      r  impl_fifo2/inst/gen_fifo.xpm_fifo_axis_inst/xpm_fifo_base_inst/gen_sdpram.xpm_memory_base_inst/gen_wr_a.gen_word_narrow.mem_reg_0_63_0_2/RAMB/WADR3
  -------------------------------------------------------------------    -------------------

                         (clock sys_clk_pin rise edge)
                                                      0.000     0.000 r  
    E3                                                0.000     0.000 r  clk (IN)
                         net (fo=0)                   0.000     0.000    clk
    E3                   IBUF (Prop_ibuf_I_O)         0.438     0.438 r  clk_IBUF_inst/O
                         net (fo=1, routed)           0.699     1.136    clk_IBUF
    BUFGCTRL_X0Y16       BUFG (Prop_bufg_I_O)         0.029     1.165 r  clk_IBUF_BUFG_inst/O
                         net (fo=492, routed)         0.868     2.034    impl_fifo2/inst/gen_fifo.xpm_fifo_axis_inst/xpm_fifo_base_inst/gen_sdpram.xpm_memory_base_inst/gen_wr_a.gen_word_narrow.mem_reg_0_63_0_2/WCLK
    SLICE_X6Y100         RAMD64E                                      r  impl_fifo2/inst/gen_fifo.xpm_fifo_axis_inst/xpm_fifo_base_inst/gen_sdpram.xpm_memory_base_inst/gen_wr_a.gen_word_narrow.mem_reg_0_63_0_2/RAMB/CLK
                         clock pessimism             -0.500     1.533    
    SLICE_X6Y100         RAMD64E (Hold_ramd64e_CLK_WADR3)
                                                      0.240     1.773    impl_fifo2/inst/gen_fifo.xpm_fifo_axis_inst/xpm_fifo_base_inst/gen_sdpram.xpm_memory_base_inst/gen_wr_a.gen_word_narrow.mem_reg_0_63_0_2/RAMB
  -------------------------------------------------------------------
                         required time                         -1.773    
                         arrival time                           1.877    
  -------------------------------------------------------------------
                         slack                                  0.104    

Slack (MET) :             0.104ns  (arrival time - required time)
  Source:                 impl_fifo2/inst/gen_fifo.xpm_fifo_axis_inst/xpm_fifo_base_inst/wrp_inst/count_value_i_reg[3]/C
                            (rising edge-triggered cell FDRE clocked by sys_clk_pin  {rise@0.000ns fall@5.000ns period=10.000ns})
  Destination:            impl_fifo2/inst/gen_fifo.xpm_fifo_axis_inst/xpm_fifo_base_inst/gen_sdpram.xpm_memory_base_inst/gen_wr_a.gen_word_narrow.mem_reg_0_63_0_2/RAMC/WADR3
                            (rising edge-triggered cell RAMD64E clocked by sys_clk_pin  {rise@0.000ns fall@5.000ns period=10.000ns})
  Path Group:             sys_clk_pin
  Path Type:              Hold (Min at Fast Process Corner)
  Requirement:            0.000ns  (sys_clk_pin rise@0.000ns - sys_clk_pin rise@0.000ns)
  Data Path Delay:        0.360ns  (logic 0.141ns (39.199%)  route 0.219ns (60.801%))
  Logic Levels:           0  
  Clock Path Skew:        0.016ns (DCD - SCD - CPR)
    Destination Clock Delay (DCD):    2.034ns
    Source Clock Delay      (SCD):    1.517ns
    Clock Pessimism Removal (CPR):    0.500ns

    Location             Delay type                Incr(ns)  Path(ns)    Netlist Resource(s)
  -------------------------------------------------------------------    -------------------
                         (clock sys_clk_pin rise edge)
                                                      0.000     0.000 r  
    E3                                                0.000     0.000 r  clk (IN)
                         net (fo=0)                   0.000     0.000    clk
    E3                   IBUF (Prop_ibuf_I_O)         0.250     0.250 r  clk_IBUF_inst/O
                         net (fo=1, routed)           0.644     0.894    clk_IBUF
    BUFGCTRL_X0Y16       BUFG (Prop_bufg_I_O)         0.026     0.920 r  clk_IBUF_BUFG_inst/O
                         net (fo=492, routed)         0.598     1.517    impl_fifo2/inst/gen_fifo.xpm_fifo_axis_inst/xpm_fifo_base_inst/wrp_inst/wr_clk
    SLICE_X4Y100         FDRE                                         r  impl_fifo2/inst/gen_fifo.xpm_fifo_axis_inst/xpm_fifo_base_inst/wrp_inst/count_value_i_reg[3]/C
  -------------------------------------------------------------------    -------------------
    SLICE_X4Y100         FDRE (Prop_fdre_C_Q)         0.141     1.658 r  impl_fifo2/inst/gen_fifo.xpm_fifo_axis_inst/xpm_fifo_base_inst/wrp_inst/count_value_i_reg[3]/Q
                         net (fo=25, routed)          0.219     1.877    impl_fifo2/inst/gen_fifo.xpm_fifo_axis_inst/xpm_fifo_base_inst/gen_sdpram.xpm_memory_base_inst/gen_wr_a.gen_word_narrow.mem_reg_0_63_0_2/ADDRD3
    SLICE_X6Y100         RAMD64E                                      r  impl_fifo2/inst/gen_fifo.xpm_fifo_axis_inst/xpm_fifo_base_inst/gen_sdpram.xpm_memory_base_inst/gen_wr_a.gen_word_narrow.mem_reg_0_63_0_2/RAMC/WADR3
  -------------------------------------------------------------------    -------------------

                         (clock sys_clk_pin rise edge)
                                                      0.000     0.000 r  
    E3                                                0.000     0.000 r  clk (IN)
                         net (fo=0)                   0.000     0.000    clk
    E3                   IBUF (Prop_ibuf_I_O)         0.438     0.438 r  clk_IBUF_inst/O
                         net (fo=1, routed)           0.699     1.136    clk_IBUF
    BUFGCTRL_X0Y16       BUFG (Prop_bufg_I_O)         0.029     1.165 r  clk_IBUF_BUFG_inst/O
                         net (fo=492, routed)         0.868     2.034    impl_fifo2/inst/gen_fifo.xpm_fifo_axis_inst/xpm_fifo_base_inst/gen_sdpram.xpm_memory_base_inst/gen_wr_a.gen_word_narrow.mem_reg_0_63_0_2/WCLK
    SLICE_X6Y100         RAMD64E                                      r  impl_fifo2/inst/gen_fifo.xpm_fifo_axis_inst/xpm_fifo_base_inst/gen_sdpram.xpm_memory_base_inst/gen_wr_a.gen_word_narrow.mem_reg_0_63_0_2/RAMC/CLK
                         clock pessimism             -0.500     1.533    
    SLICE_X6Y100         RAMD64E (Hold_ramd64e_CLK_WADR3)
                                                      0.240     1.773    impl_fifo2/inst/gen_fifo.xpm_fifo_axis_inst/xpm_fifo_base_inst/gen_sdpram.xpm_memory_base_inst/gen_wr_a.gen_word_narrow.mem_reg_0_63_0_2/RAMC
  -------------------------------------------------------------------
                         required time                         -1.773    
                         arrival time                           1.877    
  -------------------------------------------------------------------
                         slack                                  0.104    

Slack (MET) :             0.104ns  (arrival time - required time)
  Source:                 impl_fifo2/inst/gen_fifo.xpm_fifo_axis_inst/xpm_fifo_base_inst/wrp_inst/count_value_i_reg[3]/C
                            (rising edge-triggered cell FDRE clocked by sys_clk_pin  {rise@0.000ns fall@5.000ns period=10.000ns})
  Destination:            impl_fifo2/inst/gen_fifo.xpm_fifo_axis_inst/xpm_fifo_base_inst/gen_sdpram.xpm_memory_base_inst/gen_wr_a.gen_word_narrow.mem_reg_0_63_0_2/RAMD/WADR3
                            (rising edge-triggered cell RAMD64E clocked by sys_clk_pin  {rise@0.000ns fall@5.000ns period=10.000ns})
  Path Group:             sys_clk_pin
  Path Type:              Hold (Min at Fast Process Corner)
  Requirement:            0.000ns  (sys_clk_pin rise@0.000ns - sys_clk_pin rise@0.000ns)
  Data Path Delay:        0.360ns  (logic 0.141ns (39.199%)  route 0.219ns (60.801%))
  Logic Levels:           0  
  Clock Path Skew:        0.016ns (DCD - SCD - CPR)
    Destination Clock Delay (DCD):    2.034ns
    Source Clock Delay      (SCD):    1.517ns
    Clock Pessimism Removal (CPR):    0.500ns

    Location             Delay type                Incr(ns)  Path(ns)    Netlist Resource(s)
  -------------------------------------------------------------------    -------------------
                         (clock sys_clk_pin rise edge)
                                                      0.000     0.000 r  
    E3                                                0.000     0.000 r  clk (IN)
                         net (fo=0)                   0.000     0.000    clk
    E3                   IBUF (Prop_ibuf_I_O)         0.250     0.250 r  clk_IBUF_inst/O
                         net (fo=1, routed)           0.644     0.894    clk_IBUF
    BUFGCTRL_X0Y16       BUFG (Prop_bufg_I_O)         0.026     0.920 r  clk_IBUF_BUFG_inst/O
                         net (fo=492, routed)         0.598     1.517    impl_fifo2/inst/gen_fifo.xpm_fifo_axis_inst/xpm_fifo_base_inst/wrp_inst/wr_clk
    SLICE_X4Y100         FDRE                                         r  impl_fifo2/inst/gen_fifo.xpm_fifo_axis_inst/xpm_fifo_base_inst/wrp_inst/count_value_i_reg[3]/C
  -------------------------------------------------------------------    -------------------
    SLICE_X4Y100         FDRE (Prop_fdre_C_Q)         0.141     1.658 r  impl_fifo2/inst/gen_fifo.xpm_fifo_axis_inst/xpm_fifo_base_inst/wrp_inst/count_value_i_reg[3]/Q
                         net (fo=25, routed)          0.219     1.877    impl_fifo2/inst/gen_fifo.xpm_fifo_axis_inst/xpm_fifo_base_inst/gen_sdpram.xpm_memory_base_inst/gen_wr_a.gen_word_narrow.mem_reg_0_63_0_2/ADDRD3
    SLICE_X6Y100         RAMD64E                                      r  impl_fifo2/inst/gen_fifo.xpm_fifo_axis_inst/xpm_fifo_base_inst/gen_sdpram.xpm_memory_base_inst/gen_wr_a.gen_word_narrow.mem_reg_0_63_0_2/RAMD/WADR3
  -------------------------------------------------------------------    -------------------

                         (clock sys_clk_pin rise edge)
                                                      0.000     0.000 r  
    E3                                                0.000     0.000 r  clk (IN)
                         net (fo=0)                   0.000     0.000    clk
    E3                   IBUF (Prop_ibuf_I_O)         0.438     0.438 r  clk_IBUF_inst/O
                         net (fo=1, routed)           0.699     1.136    clk_IBUF
    BUFGCTRL_X0Y16       BUFG (Prop_bufg_I_O)         0.029     1.165 r  clk_IBUF_BUFG_inst/O
                         net (fo=492, routed)         0.868     2.034    impl_fifo2/inst/gen_fifo.xpm_fifo_axis_inst/xpm_fifo_base_inst/gen_sdpram.xpm_memory_base_inst/gen_wr_a.gen_word_narrow.mem_reg_0_63_0_2/WCLK
    SLICE_X6Y100         RAMD64E                                      r  impl_fifo2/inst/gen_fifo.xpm_fifo_axis_inst/xpm_fifo_base_inst/gen_sdpram.xpm_memory_base_inst/gen_wr_a.gen_word_narrow.mem_reg_0_63_0_2/RAMD/CLK
                         clock pessimism             -0.500     1.533    
    SLICE_X6Y100         RAMD64E (Hold_ramd64e_CLK_WADR3)
                                                      0.240     1.773    impl_fifo2/inst/gen_fifo.xpm_fifo_axis_inst/xpm_fifo_base_inst/gen_sdpram.xpm_memory_base_inst/gen_wr_a.gen_word_narrow.mem_reg_0_63_0_2/RAMD
  -------------------------------------------------------------------
                         required time                         -1.773    
                         arrival time                           1.877    
  -------------------------------------------------------------------
                         slack                                  0.104    

Slack (MET) :             0.114ns  (arrival time - required time)
  Source:                 impl_fifo2/inst/gen_fifo.xpm_fifo_axis_inst/xpm_fifo_base_inst/wrp_inst/count_value_i_reg[5]/C
                            (rising edge-triggered cell FDRE clocked by sys_clk_pin  {rise@0.000ns fall@5.000ns period=10.000ns})
  Destination:            impl_fifo2/inst/gen_fifo.xpm_fifo_axis_inst/xpm_fifo_base_inst/gen_sdpram.xpm_memory_base_inst/gen_wr_a.gen_word_narrow.mem_reg_0_63_0_2/RAMA/WADR5
                            (rising edge-triggered cell RAMD64E clocked by sys_clk_pin  {rise@0.000ns fall@5.000ns period=10.000ns})
  Path Group:             sys_clk_pin
  Path Type:              Hold (Min at Fast Process Corner)
  Requirement:            0.000ns  (sys_clk_pin rise@0.000ns - sys_clk_pin rise@0.000ns)
  Data Path Delay:        0.300ns  (logic 0.141ns (46.988%)  route 0.159ns (53.012%))
  Logic Levels:           0  
  Clock Path Skew:        0.016ns (DCD - SCD - CPR)
    Destination Clock Delay (DCD):    2.034ns
    Source Clock Delay      (SCD):    1.517ns
    Clock Pessimism Removal (CPR):    0.500ns

    Location             Delay type                Incr(ns)  Path(ns)    Netlist Resource(s)
  -------------------------------------------------------------------    -------------------
                         (clock sys_clk_pin rise edge)
                                                      0.000     0.000 r  
    E3                                                0.000     0.000 r  clk (IN)
                         net (fo=0)                   0.000     0.000    clk
    E3                   IBUF (Prop_ibuf_I_O)         0.250     0.250 r  clk_IBUF_inst/O
                         net (fo=1, routed)           0.644     0.894    clk_IBUF
    BUFGCTRL_X0Y16       BUFG (Prop_bufg_I_O)         0.026     0.920 r  clk_IBUF_BUFG_inst/O
                         net (fo=492, routed)         0.598     1.517    impl_fifo2/inst/gen_fifo.xpm_fifo_axis_inst/xpm_fifo_base_inst/wrp_inst/wr_clk
    SLICE_X5Y100         FDRE                                         r  impl_fifo2/inst/gen_fifo.xpm_fifo_axis_inst/xpm_fifo_base_inst/wrp_inst/count_value_i_reg[5]/C
  -------------------------------------------------------------------    -------------------
    SLICE_X5Y100         FDRE (Prop_fdre_C_Q)         0.141     1.658 r  impl_fifo2/inst/gen_fifo.xpm_fifo_axis_inst/xpm_fifo_base_inst/wrp_inst/count_value_i_reg[5]/Q
                         net (fo=23, routed)          0.159     1.818    impl_fifo2/inst/gen_fifo.xpm_fifo_axis_inst/xpm_fifo_base_inst/gen_sdpram.xpm_memory_base_inst/gen_wr_a.gen_word_narrow.mem_reg_0_63_0_2/ADDRD5
    SLICE_X6Y100         RAMD64E                                      r  impl_fifo2/inst/gen_fifo.xpm_fifo_axis_inst/xpm_fifo_base_inst/gen_sdpram.xpm_memory_base_inst/gen_wr_a.gen_word_narrow.mem_reg_0_63_0_2/RAMA/WADR5
  -------------------------------------------------------------------    -------------------

                         (clock sys_clk_pin rise edge)
                                                      0.000     0.000 r  
    E3                                                0.000     0.000 r  clk (IN)
                         net (fo=0)                   0.000     0.000    clk
    E3                   IBUF (Prop_ibuf_I_O)         0.438     0.438 r  clk_IBUF_inst/O
                         net (fo=1, routed)           0.699     1.136    clk_IBUF
    BUFGCTRL_X0Y16       BUFG (Prop_bufg_I_O)         0.029     1.165 r  clk_IBUF_BUFG_inst/O
                         net (fo=492, routed)         0.868     2.034    impl_fifo2/inst/gen_fifo.xpm_fifo_axis_inst/xpm_fifo_base_inst/gen_sdpram.xpm_memory_base_inst/gen_wr_a.gen_word_narrow.mem_reg_0_63_0_2/WCLK
    SLICE_X6Y100         RAMD64E                                      r  impl_fifo2/inst/gen_fifo.xpm_fifo_axis_inst/xpm_fifo_base_inst/gen_sdpram.xpm_memory_base_inst/gen_wr_a.gen_word_narrow.mem_reg_0_63_0_2/RAMA/CLK
                         clock pessimism             -0.500     1.533    
    SLICE_X6Y100         RAMD64E (Hold_ramd64e_CLK_WADR5)
                                                      0.170     1.703    impl_fifo2/inst/gen_fifo.xpm_fifo_axis_inst/xpm_fifo_base_inst/gen_sdpram.xpm_memory_base_inst/gen_wr_a.gen_word_narrow.mem_reg_0_63_0_2/RAMA
  -------------------------------------------------------------------
                         required time                         -1.703    
                         arrival time                           1.818    
  -------------------------------------------------------------------
                         slack                                  0.114    

Slack (MET) :             0.114ns  (arrival time - required time)
  Source:                 impl_fifo2/inst/gen_fifo.xpm_fifo_axis_inst/xpm_fifo_base_inst/wrp_inst/count_value_i_reg[5]/C
                            (rising edge-triggered cell FDRE clocked by sys_clk_pin  {rise@0.000ns fall@5.000ns period=10.000ns})
  Destination:            impl_fifo2/inst/gen_fifo.xpm_fifo_axis_inst/xpm_fifo_base_inst/gen_sdpram.xpm_memory_base_inst/gen_wr_a.gen_word_narrow.mem_reg_0_63_0_2/RAMB/WADR5
                            (rising edge-triggered cell RAMD64E clocked by sys_clk_pin  {rise@0.000ns fall@5.000ns period=10.000ns})
  Path Group:             sys_clk_pin
  Path Type:              Hold (Min at Fast Process Corner)
  Requirement:            0.000ns  (sys_clk_pin rise@0.000ns - sys_clk_pin rise@0.000ns)
  Data Path Delay:        0.300ns  (logic 0.141ns (46.988%)  route 0.159ns (53.012%))
  Logic Levels:           0  
  Clock Path Skew:        0.016ns (DCD - SCD - CPR)
    Destination Clock Delay (DCD):    2.034ns
    Source Clock Delay      (SCD):    1.517ns
    Clock Pessimism Removal (CPR):    0.500ns

    Location             Delay type                Incr(ns)  Path(ns)    Netlist Resource(s)
  -------------------------------------------------------------------    -------------------
                         (clock sys_clk_pin rise edge)
                                                      0.000     0.000 r  
    E3                                                0.000     0.000 r  clk (IN)
                         net (fo=0)                   0.000     0.000    clk
    E3                   IBUF (Prop_ibuf_I_O)         0.250     0.250 r  clk_IBUF_inst/O
                         net (fo=1, routed)           0.644     0.894    clk_IBUF
    BUFGCTRL_X0Y16       BUFG (Prop_bufg_I_O)         0.026     0.920 r  clk_IBUF_BUFG_inst/O
                         net (fo=492, routed)         0.598     1.517    impl_fifo2/inst/gen_fifo.xpm_fifo_axis_inst/xpm_fifo_base_inst/wrp_inst/wr_clk
    SLICE_X5Y100         FDRE                                         r  impl_fifo2/inst/gen_fifo.xpm_fifo_axis_inst/xpm_fifo_base_inst/wrp_inst/count_value_i_reg[5]/C
  -------------------------------------------------------------------    -------------------
    SLICE_X5Y100         FDRE (Prop_fdre_C_Q)         0.141     1.658 r  impl_fifo2/inst/gen_fifo.xpm_fifo_axis_inst/xpm_fifo_base_inst/wrp_inst/count_value_i_reg[5]/Q
                         net (fo=23, routed)          0.159     1.818    impl_fifo2/inst/gen_fifo.xpm_fifo_axis_inst/xpm_fifo_base_inst/gen_sdpram.xpm_memory_base_inst/gen_wr_a.gen_word_narrow.mem_reg_0_63_0_2/ADDRD5
    SLICE_X6Y100         RAMD64E                                      r  impl_fifo2/inst/gen_fifo.xpm_fifo_axis_inst/xpm_fifo_base_inst/gen_sdpram.xpm_memory_base_inst/gen_wr_a.gen_word_narrow.mem_reg_0_63_0_2/RAMB/WADR5
  -------------------------------------------------------------------    -------------------

                         (clock sys_clk_pin rise edge)
                                                      0.000     0.000 r  
    E3                                                0.000     0.000 r  clk (IN)
                         net (fo=0)                   0.000     0.000    clk
    E3                   IBUF (Prop_ibuf_I_O)         0.438     0.438 r  clk_IBUF_inst/O
                         net (fo=1, routed)           0.699     1.136    clk_IBUF
    BUFGCTRL_X0Y16       BUFG (Prop_bufg_I_O)         0.029     1.165 r  clk_IBUF_BUFG_inst/O
                         net (fo=492, routed)         0.868     2.034    impl_fifo2/inst/gen_fifo.xpm_fifo_axis_inst/xpm_fifo_base_inst/gen_sdpram.xpm_memory_base_inst/gen_wr_a.gen_word_narrow.mem_reg_0_63_0_2/WCLK
    SLICE_X6Y100         RAMD64E                                      r  impl_fifo2/inst/gen_fifo.xpm_fifo_axis_inst/xpm_fifo_base_inst/gen_sdpram.xpm_memory_base_inst/gen_wr_a.gen_word_narrow.mem_reg_0_63_0_2/RAMB/CLK
                         clock pessimism             -0.500     1.533    
    SLICE_X6Y100         RAMD64E (Hold_ramd64e_CLK_WADR5)
                                                      0.170     1.703    impl_fifo2/inst/gen_fifo.xpm_fifo_axis_inst/xpm_fifo_base_inst/gen_sdpram.xpm_memory_base_inst/gen_wr_a.gen_word_narrow.mem_reg_0_63_0_2/RAMB
  -------------------------------------------------------------------
                         required time                         -1.703    
                         arrival time                           1.818    
  -------------------------------------------------------------------
                         slack                                  0.114    





Pulse Width Checks
--------------------------------------------------------------------------------------
Clock Name:         sys_clk_pin
Waveform(ns):       { 0.000 5.000 }
Period(ns):         10.000
Sources:            { clk }

Check Type        Corner  Lib Pin      Reference Pin  Required(ns)  Actual(ns)  Slack(ns)  Location        Pin
Min Period        n/a     BUFG/I       n/a            2.155         10.000      7.845      BUFGCTRL_X0Y16  clk_IBUF_BUFG_inst/I
Min Period        n/a     FDRE/C       n/a            1.000         10.000      9.000      SLICE_X4Y83     impl_fifo/inst/gen_fifo.xpm_fifo_axis_inst/gaxis_pkt_fifo_cc.axis_pkt_cnt_reg[0]/C
Min Period        n/a     FDRE/C       n/a            1.000         10.000      9.000      SLICE_X4Y85     impl_fifo/inst/gen_fifo.xpm_fifo_axis_inst/gaxis_pkt_fifo_cc.axis_pkt_cnt_reg[10]/C
Min Period        n/a     FDRE/C       n/a            1.000         10.000      9.000      SLICE_X4Y85     impl_fifo/inst/gen_fifo.xpm_fifo_axis_inst/gaxis_pkt_fifo_cc.axis_pkt_cnt_reg[11]/C
Min Period        n/a     FDRE/C       n/a            1.000         10.000      9.000      SLICE_X4Y86     impl_fifo/inst/gen_fifo.xpm_fifo_axis_inst/gaxis_pkt_fifo_cc.axis_pkt_cnt_reg[12]/C
Min Period        n/a     FDRE/C       n/a            1.000         10.000      9.000      SLICE_X4Y86     impl_fifo/inst/gen_fifo.xpm_fifo_axis_inst/gaxis_pkt_fifo_cc.axis_pkt_cnt_reg[13]/C
Min Period        n/a     FDRE/C       n/a            1.000         10.000      9.000      SLICE_X4Y86     impl_fifo/inst/gen_fifo.xpm_fifo_axis_inst/gaxis_pkt_fifo_cc.axis_pkt_cnt_reg[14]/C
Min Period        n/a     FDRE/C       n/a            1.000         10.000      9.000      SLICE_X4Y86     impl_fifo/inst/gen_fifo.xpm_fifo_axis_inst/gaxis_pkt_fifo_cc.axis_pkt_cnt_reg[15]/C
Min Period        n/a     FDRE/C       n/a            1.000         10.000      9.000      SLICE_X4Y87     impl_fifo/inst/gen_fifo.xpm_fifo_axis_inst/gaxis_pkt_fifo_cc.axis_pkt_cnt_reg[16]/C
Min Period        n/a     FDRE/C       n/a            1.000         10.000      9.000      SLICE_X4Y87     impl_fifo/inst/gen_fifo.xpm_fifo_axis_inst/gaxis_pkt_fifo_cc.axis_pkt_cnt_reg[17]/C
Low Pulse Width   Slow    RAMD64E/CLK  n/a            1.250         5.000       3.750      SLICE_X10Y88    impl_fifo/inst/gen_fifo.xpm_fifo_axis_inst/xpm_fifo_base_inst/gen_sdpram.xpm_memory_base_inst/gen_wr_a.gen_word_narrow.mem_reg_0_63_0_2/RAMA/CLK
Low Pulse Width   Fast    RAMD64E/CLK  n/a            1.250         5.000       3.750      SLICE_X10Y88    impl_fifo/inst/gen_fifo.xpm_fifo_axis_inst/xpm_fifo_base_inst/gen_sdpram.xpm_memory_base_inst/gen_wr_a.gen_word_narrow.mem_reg_0_63_0_2/RAMA/CLK
Low Pulse Width   Slow    RAMD64E/CLK  n/a            1.250         5.000       3.750      SLICE_X10Y88    impl_fifo/inst/gen_fifo.xpm_fifo_axis_inst/xpm_fifo_base_inst/gen_sdpram.xpm_memory_base_inst/gen_wr_a.gen_word_narrow.mem_reg_0_63_0_2/RAMB/CLK
Low Pulse Width   Fast    RAMD64E/CLK  n/a            1.250         5.000       3.750      SLICE_X10Y88    impl_fifo/inst/gen_fifo.xpm_fifo_axis_inst/xpm_fifo_base_inst/gen_sdpram.xpm_memory_base_inst/gen_wr_a.gen_word_narrow.mem_reg_0_63_0_2/RAMB/CLK
Low Pulse Width   Slow    RAMD64E/CLK  n/a            1.250         5.000       3.750      SLICE_X10Y88    impl_fifo/inst/gen_fifo.xpm_fifo_axis_inst/xpm_fifo_base_inst/gen_sdpram.xpm_memory_base_inst/gen_wr_a.gen_word_narrow.mem_reg_0_63_0_2/RAMC/CLK
Low Pulse Width   Fast    RAMD64E/CLK  n/a            1.250         5.000       3.750      SLICE_X10Y88    impl_fifo/inst/gen_fifo.xpm_fifo_axis_inst/xpm_fifo_base_inst/gen_sdpram.xpm_memory_base_inst/gen_wr_a.gen_word_narrow.mem_reg_0_63_0_2/RAMC/CLK
Low Pulse Width   Slow    RAMD64E/CLK  n/a            1.250         5.000       3.750      SLICE_X10Y88    impl_fifo/inst/gen_fifo.xpm_fifo_axis_inst/xpm_fifo_base_inst/gen_sdpram.xpm_memory_base_inst/gen_wr_a.gen_word_narrow.mem_reg_0_63_0_2/RAMD/CLK
Low Pulse Width   Fast    RAMD64E/CLK  n/a            1.250         5.000       3.750      SLICE_X10Y88    impl_fifo/inst/gen_fifo.xpm_fifo_axis_inst/xpm_fifo_base_inst/gen_sdpram.xpm_memory_base_inst/gen_wr_a.gen_word_narrow.mem_reg_0_63_0_2/RAMD/CLK
Low Pulse Width   Slow    RAMD64E/CLK  n/a            1.250         5.000       3.750      SLICE_X6Y87     impl_fifo/inst/gen_fifo.xpm_fifo_axis_inst/xpm_fifo_base_inst/gen_sdpram.xpm_memory_base_inst/gen_wr_a.gen_word_narrow.mem_reg_0_63_12_13/RAMA/CLK
Low Pulse Width   Fast    RAMD64E/CLK  n/a            1.250         5.000       3.750      SLICE_X6Y87     impl_fifo/inst/gen_fifo.xpm_fifo_axis_inst/xpm_fifo_base_inst/gen_sdpram.xpm_memory_base_inst/gen_wr_a.gen_word_narrow.mem_reg_0_63_12_13/RAMA/CLK
High Pulse Width  Slow    RAMD64E/CLK  n/a            1.250         5.000       3.750      SLICE_X10Y88    impl_fifo/inst/gen_fifo.xpm_fifo_axis_inst/xpm_fifo_base_inst/gen_sdpram.xpm_memory_base_inst/gen_wr_a.gen_word_narrow.mem_reg_0_63_0_2/RAMA/CLK
High Pulse Width  Fast    RAMD64E/CLK  n/a            1.250         5.000       3.750      SLICE_X10Y88    impl_fifo/inst/gen_fifo.xpm_fifo_axis_inst/xpm_fifo_base_inst/gen_sdpram.xpm_memory_base_inst/gen_wr_a.gen_word_narrow.mem_reg_0_63_0_2/RAMA/CLK
High Pulse Width  Slow    RAMD64E/CLK  n/a            1.250         5.000       3.750      SLICE_X10Y88    impl_fifo/inst/gen_fifo.xpm_fifo_axis_inst/xpm_fifo_base_inst/gen_sdpram.xpm_memory_base_inst/gen_wr_a.gen_word_narrow.mem_reg_0_63_0_2/RAMB/CLK
High Pulse Width  Fast    RAMD64E/CLK  n/a            1.250         5.000       3.750      SLICE_X10Y88    impl_fifo/inst/gen_fifo.xpm_fifo_axis_inst/xpm_fifo_base_inst/gen_sdpram.xpm_memory_base_inst/gen_wr_a.gen_word_narrow.mem_reg_0_63_0_2/RAMB/CLK
High Pulse Width  Slow    RAMD64E/CLK  n/a            1.250         5.000       3.750      SLICE_X10Y88    impl_fifo/inst/gen_fifo.xpm_fifo_axis_inst/xpm_fifo_base_inst/gen_sdpram.xpm_memory_base_inst/gen_wr_a.gen_word_narrow.mem_reg_0_63_0_2/RAMC/CLK
High Pulse Width  Fast    RAMD64E/CLK  n/a            1.250         5.000       3.750      SLICE_X10Y88    impl_fifo/inst/gen_fifo.xpm_fifo_axis_inst/xpm_fifo_base_inst/gen_sdpram.xpm_memory_base_inst/gen_wr_a.gen_word_narrow.mem_reg_0_63_0_2/RAMC/CLK
High Pulse Width  Slow    RAMD64E/CLK  n/a            1.250         5.000       3.750      SLICE_X10Y88    impl_fifo/inst/gen_fifo.xpm_fifo_axis_inst/xpm_fifo_base_inst/gen_sdpram.xpm_memory_base_inst/gen_wr_a.gen_word_narrow.mem_reg_0_63_0_2/RAMD/CLK
High Pulse Width  Fast    RAMD64E/CLK  n/a            1.250         5.000       3.750      SLICE_X10Y88    impl_fifo/inst/gen_fifo.xpm_fifo_axis_inst/xpm_fifo_base_inst/gen_sdpram.xpm_memory_base_inst/gen_wr_a.gen_word_narrow.mem_reg_0_63_0_2/RAMD/CLK
High Pulse Width  Slow    RAMD64E/CLK  n/a            1.250         5.000       3.750      SLICE_X6Y87     impl_fifo/inst/gen_fifo.xpm_fifo_axis_inst/xpm_fifo_base_inst/gen_sdpram.xpm_memory_base_inst/gen_wr_a.gen_word_narrow.mem_reg_0_63_12_13/RAMA/CLK
High Pulse Width  Fast    RAMD64E/CLK  n/a            1.250         5.000       3.750      SLICE_X6Y87     impl_fifo/inst/gen_fifo.xpm_fifo_axis_inst/xpm_fifo_base_inst/gen_sdpram.xpm_memory_base_inst/gen_wr_a.gen_word_narrow.mem_reg_0_63_12_13/RAMA/CLK



--------------------------------------------------------------------------------------
Path Group:  (none)
From Clock:  
  To Clock:  sys_clk_pin

Max Delay             2 Endpoints
Min Delay             2 Endpoints
--------------------------------------------------------------------------------------


Max Delay Paths
--------------------------------------------------------------------------------------
Slack:                    inf
  Source:                 rstn
                            (input port)
  Destination:            impl_fifo/inst/gen_fifo.xpm_fifo_axis_inst/gaxis_rst_sync.xpm_cdc_sync_rst_inst/syncstages_ff_reg[0]/D
                            (rising edge-triggered cell FDRE clocked by sys_clk_pin  {rise@0.000ns fall@5.000ns period=10.000ns})
  Path Group:             (none)
  Path Type:              Setup (Max at Slow Process Corner)
  Data Path Delay:        6.223ns  (logic 1.624ns (26.098%)  route 4.599ns (73.902%))
  Logic Levels:           2  (IBUF=1 LUT1=1)
  Clock Path Skew:        5.024ns (DCD - SCD + CPR)
    Destination Clock Delay (DCD):    5.024ns
    Source Clock Delay      (SCD):    0.000ns
    Clock Pessimism Removal (CPR):    0.000ns
  Clock Uncertainty:      0.025ns  ((TSJ^2 + TIJ^2)^1/2 + DJ) / 2 + PE
    Total System Jitter     (TSJ):    0.050ns
    Total Input Jitter      (TIJ):    0.000ns
    Discrete Jitter          (DJ):    0.000ns
    Phase Error              (PE):    0.000ns
  Timing Exception:       False Path

    Location             Delay type                Incr(ns)  Path(ns)    Netlist Resource(s)
  -------------------------------------------------------------------    -------------------
    C2                                                0.000     0.000 f  rstn (IN)
                         net (fo=0)                   0.000     0.000    rstn
    C2                   IBUF (Prop_ibuf_I_O)         1.507     1.507 f  rstn_IBUF_inst/O
                         net (fo=14, routed)          4.167     5.674    impl_fifo/inst/gen_fifo.xpm_fifo_axis_inst/s_aresetn
    SLICE_X6Y90          LUT1 (Prop_lut1_I0_O)        0.117     5.791 r  impl_fifo/inst/gen_fifo.xpm_fifo_axis_inst/gaxis_rst_sync.xpm_cdc_sync_rst_inst_i_1/O
                         net (fo=1, routed)           0.432     6.223    impl_fifo/inst/gen_fifo.xpm_fifo_axis_inst/gaxis_rst_sync.xpm_cdc_sync_rst_inst/src_rst
    SLICE_X5Y90          FDRE                                         r  impl_fifo/inst/gen_fifo.xpm_fifo_axis_inst/gaxis_rst_sync.xpm_cdc_sync_rst_inst/syncstages_ff_reg[0]/D
  -------------------------------------------------------------------    -------------------

                         (clock sys_clk_pin rise edge)
                                                      0.000     0.000 r  
    E3                                                0.000     0.000 r  clk (IN)
                         net (fo=0)                   0.000     0.000    clk
    E3                   IBUF (Prop_ibuf_I_O)         1.411     1.411 r  clk_IBUF_inst/O
                         net (fo=1, routed)           1.920     3.331    clk_IBUF
    BUFGCTRL_X0Y16       BUFG (Prop_bufg_I_O)         0.091     3.422 r  clk_IBUF_BUFG_inst/O
                         net (fo=492, routed)         1.601     5.024    impl_fifo/inst/gen_fifo.xpm_fifo_axis_inst/gaxis_rst_sync.xpm_cdc_sync_rst_inst/dest_clk
    SLICE_X5Y90          FDRE                                         r  impl_fifo/inst/gen_fifo.xpm_fifo_axis_inst/gaxis_rst_sync.xpm_cdc_sync_rst_inst/syncstages_ff_reg[0]/C

Slack:                    inf
  Source:                 rstn
                            (input port)
  Destination:            impl_fifo2/inst/gen_fifo.xpm_fifo_axis_inst/gaxis_rst_sync.xpm_cdc_sync_rst_inst/syncstages_ff_reg[0]/D
                            (rising edge-triggered cell FDRE clocked by sys_clk_pin  {rise@0.000ns fall@5.000ns period=10.000ns})
  Path Group:             (none)
  Path Type:              Setup (Max at Slow Process Corner)
  Data Path Delay:        5.963ns  (logic 1.631ns (27.356%)  route 4.332ns (72.644%))
  Logic Levels:           2  (IBUF=1 LUT1=1)
  Clock Path Skew:        5.024ns (DCD - SCD + CPR)
    Destination Clock Delay (DCD):    5.024ns
    Source Clock Delay      (SCD):    0.000ns
    Clock Pessimism Removal (CPR):    0.000ns
  Clock Uncertainty:      0.025ns  ((TSJ^2 + TIJ^2)^1/2 + DJ) / 2 + PE
    Total System Jitter     (TSJ):    0.050ns
    Total Input Jitter      (TIJ):    0.000ns
    Discrete Jitter          (DJ):    0.000ns
    Phase Error              (PE):    0.000ns
  Timing Exception:       False Path

    Location             Delay type                Incr(ns)  Path(ns)    Netlist Resource(s)
  -------------------------------------------------------------------    -------------------
    C2                                                0.000     0.000 f  rstn (IN)
                         net (fo=0)                   0.000     0.000    rstn
    C2                   IBUF (Prop_ibuf_I_O)         1.507     1.507 f  rstn_IBUF_inst/O
                         net (fo=14, routed)          4.167     5.674    impl_fifo2/inst/gen_fifo.xpm_fifo_axis_inst/s_aresetn
    SLICE_X6Y90          LUT1 (Prop_lut1_I0_O)        0.124     5.798 r  impl_fifo2/inst/gen_fifo.xpm_fifo_axis_inst/gaxis_rst_sync.xpm_cdc_sync_rst_inst_i_1/O
                         net (fo=1, routed)           0.165     5.963    impl_fifo2/inst/gen_fifo.xpm_fifo_axis_inst/gaxis_rst_sync.xpm_cdc_sync_rst_inst/src_rst
    SLICE_X6Y90          FDRE                                         r  impl_fifo2/inst/gen_fifo.xpm_fifo_axis_inst/gaxis_rst_sync.xpm_cdc_sync_rst_inst/syncstages_ff_reg[0]/D
  -------------------------------------------------------------------    -------------------

                         (clock sys_clk_pin rise edge)
                                                      0.000     0.000 r  
    E3                                                0.000     0.000 r  clk (IN)
                         net (fo=0)                   0.000     0.000    clk
    E3                   IBUF (Prop_ibuf_I_O)         1.411     1.411 r  clk_IBUF_inst/O
                         net (fo=1, routed)           1.920     3.331    clk_IBUF
    BUFGCTRL_X0Y16       BUFG (Prop_bufg_I_O)         0.091     3.422 r  clk_IBUF_BUFG_inst/O
                         net (fo=492, routed)         1.601     5.024    impl_fifo2/inst/gen_fifo.xpm_fifo_axis_inst/gaxis_rst_sync.xpm_cdc_sync_rst_inst/dest_clk
    SLICE_X6Y90          FDRE                                         r  impl_fifo2/inst/gen_fifo.xpm_fifo_axis_inst/gaxis_rst_sync.xpm_cdc_sync_rst_inst/syncstages_ff_reg[0]/C





Min Delay Paths
--------------------------------------------------------------------------------------
Slack:                    inf
  Source:                 rstn
                            (input port)
  Destination:            impl_fifo2/inst/gen_fifo.xpm_fifo_axis_inst/gaxis_rst_sync.xpm_cdc_sync_rst_inst/syncstages_ff_reg[0]/D
                            (rising edge-triggered cell FDRE clocked by sys_clk_pin  {rise@0.000ns fall@5.000ns period=10.000ns})
  Path Group:             (none)
  Path Type:              Hold (Min at Fast Process Corner)
  Data Path Delay:        2.155ns  (logic 0.320ns (14.837%)  route 1.836ns (85.163%))
  Logic Levels:           2  (IBUF=1 LUT1=1)
  Clock Path Skew:        2.038ns (DCD - SCD - CPR)
    Destination Clock Delay (DCD):    2.038ns
    Source Clock Delay      (SCD):    0.000ns
    Clock Pessimism Removal (CPR):    -0.000ns
  Timing Exception:       False Path

    Location             Delay type                Incr(ns)  Path(ns)    Netlist Resource(s)
  -------------------------------------------------------------------    -------------------
    C2                                                0.000     0.000 f  rstn (IN)
                         net (fo=0)                   0.000     0.000    rstn
    C2                   IBUF (Prop_ibuf_I_O)         0.275     0.275 f  rstn_IBUF_inst/O
                         net (fo=14, routed)          1.780     2.055    impl_fifo2/inst/gen_fifo.xpm_fifo_axis_inst/s_aresetn
    SLICE_X6Y90          LUT1 (Prop_lut1_I0_O)        0.045     2.100 r  impl_fifo2/inst/gen_fifo.xpm_fifo_axis_inst/gaxis_rst_sync.xpm_cdc_sync_rst_inst_i_1/O
                         net (fo=1, routed)           0.056     2.155    impl_fifo2/inst/gen_fifo.xpm_fifo_axis_inst/gaxis_rst_sync.xpm_cdc_sync_rst_inst/src_rst
    SLICE_X6Y90          FDRE                                         r  impl_fifo2/inst/gen_fifo.xpm_fifo_axis_inst/gaxis_rst_sync.xpm_cdc_sync_rst_inst/syncstages_ff_reg[0]/D
  -------------------------------------------------------------------    -------------------

                         (clock sys_clk_pin rise edge)
                                                      0.000     0.000 r  
    E3                                                0.000     0.000 r  clk (IN)
                         net (fo=0)                   0.000     0.000    clk
    E3                   IBUF (Prop_ibuf_I_O)         0.438     0.438 r  clk_IBUF_inst/O
                         net (fo=1, routed)           0.699     1.136    clk_IBUF
    BUFGCTRL_X0Y16       BUFG (Prop_bufg_I_O)         0.029     1.165 r  clk_IBUF_BUFG_inst/O
                         net (fo=492, routed)         0.873     2.038    impl_fifo2/inst/gen_fifo.xpm_fifo_axis_inst/gaxis_rst_sync.xpm_cdc_sync_rst_inst/dest_clk
    SLICE_X6Y90          FDRE                                         r  impl_fifo2/inst/gen_fifo.xpm_fifo_axis_inst/gaxis_rst_sync.xpm_cdc_sync_rst_inst/syncstages_ff_reg[0]/C

Slack:                    inf
  Source:                 rstn
                            (input port)
  Destination:            impl_fifo/inst/gen_fifo.xpm_fifo_axis_inst/gaxis_rst_sync.xpm_cdc_sync_rst_inst/syncstages_ff_reg[0]/D
                            (rising edge-triggered cell FDRE clocked by sys_clk_pin  {rise@0.000ns fall@5.000ns period=10.000ns})
  Path Group:             (none)
  Path Type:              Hold (Min at Fast Process Corner)
  Data Path Delay:        2.256ns  (logic 0.324ns (14.353%)  route 1.932ns (85.648%))
  Logic Levels:           2  (IBUF=1 LUT1=1)
  Clock Path Skew:        2.038ns (DCD - SCD - CPR)
    Destination Clock Delay (DCD):    2.038ns
    Source Clock Delay      (SCD):    0.000ns
    Clock Pessimism Removal (CPR):    -0.000ns
  Timing Exception:       False Path

    Location             Delay type                Incr(ns)  Path(ns)    Netlist Resource(s)
  -------------------------------------------------------------------    -------------------
    C2                                                0.000     0.000 f  rstn (IN)
                         net (fo=0)                   0.000     0.000    rstn
    C2                   IBUF (Prop_ibuf_I_O)         0.275     0.275 f  rstn_IBUF_inst/O
                         net (fo=14, routed)          1.780     2.055    impl_fifo/inst/gen_fifo.xpm_fifo_axis_inst/s_aresetn
    SLICE_X6Y90          LUT1 (Prop_lut1_I0_O)        0.049     2.104 r  impl_fifo/inst/gen_fifo.xpm_fifo_axis_inst/gaxis_rst_sync.xpm_cdc_sync_rst_inst_i_1/O
                         net (fo=1, routed)           0.152     2.256    impl_fifo/inst/gen_fifo.xpm_fifo_axis_inst/gaxis_rst_sync.xpm_cdc_sync_rst_inst/src_rst
    SLICE_X5Y90          FDRE                                         r  impl_fifo/inst/gen_fifo.xpm_fifo_axis_inst/gaxis_rst_sync.xpm_cdc_sync_rst_inst/syncstages_ff_reg[0]/D
  -------------------------------------------------------------------    -------------------

                         (clock sys_clk_pin rise edge)
                                                      0.000     0.000 r  
    E3                                                0.000     0.000 r  clk (IN)
                         net (fo=0)                   0.000     0.000    clk
    E3                   IBUF (Prop_ibuf_I_O)         0.438     0.438 r  clk_IBUF_inst/O
                         net (fo=1, routed)           0.699     1.136    clk_IBUF
    BUFGCTRL_X0Y16       BUFG (Prop_bufg_I_O)         0.029     1.165 r  clk_IBUF_BUFG_inst/O
                         net (fo=492, routed)         0.873     2.038    impl_fifo/inst/gen_fifo.xpm_fifo_axis_inst/gaxis_rst_sync.xpm_cdc_sync_rst_inst/dest_clk
    SLICE_X5Y90          FDRE                                         r  impl_fifo/inst/gen_fifo.xpm_fifo_axis_inst/gaxis_rst_sync.xpm_cdc_sync_rst_inst/syncstages_ff_reg[0]/C





--------------------------------------------------------------------------------------
Path Group:  (none)
From Clock:  sys_clk_pin
  To Clock:  

Max Delay             3 Endpoints
Min Delay             3 Endpoints
--------------------------------------------------------------------------------------


Max Delay Paths
--------------------------------------------------------------------------------------
Slack:                    inf
  Source:                 impl_uart_tx/txd_reg_reg/C
                            (rising edge-triggered cell FDSE clocked by sys_clk_pin  {rise@0.000ns fall@5.000ns period=10.000ns})
  Destination:            uart_txd
                            (output port)
  Path Group:             (none)
  Path Type:              Max at Slow Process Corner
  Data Path Delay:        7.151ns  (logic 3.979ns (55.636%)  route 3.172ns (44.364%))
  Logic Levels:           1  (OBUF=1)
  Clock Uncertainty:      0.025ns  ((TSJ^2 + TIJ^2)^1/2 + DJ) / 2 + PE
    Total System Jitter     (TSJ):    0.050ns
    Total Input Jitter      (TIJ):    0.000ns
    Discrete Jitter          (DJ):    0.000ns
    Phase Error              (PE):    0.000ns

    Location             Delay type                Incr(ns)  Path(ns)    Netlist Resource(s)
  -------------------------------------------------------------------    -------------------
                         (clock sys_clk_pin rise edge)
                                                      0.000     0.000 r  
    E3                                                0.000     0.000 r  clk (IN)
                         net (fo=0)                   0.000     0.000    clk
    E3                   IBUF (Prop_ibuf_I_O)         1.482     1.482 r  clk_IBUF_inst/O
                         net (fo=1, routed)           2.025     3.506    clk_IBUF
    BUFGCTRL_X0Y16       BUFG (Prop_bufg_I_O)         0.096     3.602 r  clk_IBUF_BUFG_inst/O
                         net (fo=492, routed)         1.709     5.311    impl_uart_tx/clk_IBUF_BUFG
    SLICE_X5Y102         FDSE                                         r  impl_uart_tx/txd_reg_reg/C
  -------------------------------------------------------------------    -------------------
    SLICE_X5Y102         FDSE (Prop_fdse_C_Q)         0.456     5.767 r  impl_uart_tx/txd_reg_reg/Q
                         net (fo=1, routed)           3.172     8.940    uart_txd_OBUF
    D10                  OBUF (Prop_obuf_I_O)         3.523    12.462 r  uart_txd_OBUF_inst/O
                         net (fo=0)                   0.000    12.462    uart_txd
    D10                                                               r  uart_txd (OUT)
  -------------------------------------------------------------------    -------------------

Slack:                    inf
  Source:                 impl_i2c_master/sda_o_reg_reg/C
                            (rising edge-triggered cell FDSE clocked by sys_clk_pin  {rise@0.000ns fall@5.000ns period=10.000ns})
  Destination:            sda
                            (output port)
  Path Group:             (none)
  Path Type:              Max at Slow Process Corner
  Data Path Delay:        6.013ns  (logic 3.997ns (66.466%)  route 2.016ns (33.533%))
  Logic Levels:           1  (OBUFT=1)
  Clock Uncertainty:      0.025ns  ((TSJ^2 + TIJ^2)^1/2 + DJ) / 2 + PE
    Total System Jitter     (TSJ):    0.050ns
    Total Input Jitter      (TIJ):    0.000ns
    Discrete Jitter          (DJ):    0.000ns
    Phase Error              (PE):    0.000ns

    Location             Delay type                Incr(ns)  Path(ns)    Netlist Resource(s)
  -------------------------------------------------------------------    -------------------
                         (clock sys_clk_pin rise edge)
                                                      0.000     0.000 r  
    E3                                                0.000     0.000 r  clk (IN)
                         net (fo=0)                   0.000     0.000    clk
    E3                   IBUF (Prop_ibuf_I_O)         1.482     1.482 r  clk_IBUF_inst/O
                         net (fo=1, routed)           2.025     3.506    clk_IBUF
    BUFGCTRL_X0Y16       BUFG (Prop_bufg_I_O)         0.096     3.602 r  clk_IBUF_BUFG_inst/O
                         net (fo=492, routed)         1.726     5.329    impl_i2c_master/clk_IBUF_BUFG
    SLICE_X1Y98          FDSE                                         r  impl_i2c_master/sda_o_reg_reg/C
  -------------------------------------------------------------------    -------------------
    SLICE_X1Y98          FDSE (Prop_fdse_C_Q)         0.456     5.785 r  impl_i2c_master/sda_o_reg_reg/Q
                         net (fo=2, routed)           2.016     7.801    IOBUF_inst_SDA/I
    M18                  OBUFT (Prop_obuft_I_O)       3.541    11.342 r  IOBUF_inst_SDA/OBUFT/O
                         net (fo=1, unset)            0.000    11.342    sda
    M18                                                               r  sda (INOUT)
  -------------------------------------------------------------------    -------------------

Slack:                    inf
  Source:                 impl_i2c_master/scl_o_reg_reg/C
                            (rising edge-triggered cell FDSE clocked by sys_clk_pin  {rise@0.000ns fall@5.000ns period=10.000ns})
  Destination:            scl
                            (output port)
  Path Group:             (none)
  Path Type:              Max at Slow Process Corner
  Data Path Delay:        5.729ns  (logic 3.993ns (69.698%)  route 1.736ns (30.302%))
  Logic Levels:           1  (OBUFT=1)
  Clock Uncertainty:      0.025ns  ((TSJ^2 + TIJ^2)^1/2 + DJ) / 2 + PE
    Total System Jitter     (TSJ):    0.050ns
    Total Input Jitter      (TIJ):    0.000ns
    Discrete Jitter          (DJ):    0.000ns
    Phase Error              (PE):    0.000ns

    Location             Delay type                Incr(ns)  Path(ns)    Netlist Resource(s)
  -------------------------------------------------------------------    -------------------
                         (clock sys_clk_pin rise edge)
                                                      0.000     0.000 r  
    E3                                                0.000     0.000 r  clk (IN)
                         net (fo=0)                   0.000     0.000    clk
    E3                   IBUF (Prop_ibuf_I_O)         1.482     1.482 r  clk_IBUF_inst/O
                         net (fo=1, routed)           2.025     3.506    clk_IBUF
    BUFGCTRL_X0Y16       BUFG (Prop_bufg_I_O)         0.096     3.602 r  clk_IBUF_BUFG_inst/O
                         net (fo=492, routed)         1.725     5.328    impl_i2c_master/clk_IBUF_BUFG
    SLICE_X1Y96          FDSE                                         r  impl_i2c_master/scl_o_reg_reg/C
  -------------------------------------------------------------------    -------------------
    SLICE_X1Y96          FDSE (Prop_fdse_C_Q)         0.456     5.784 r  impl_i2c_master/scl_o_reg_reg/Q
                         net (fo=3, routed)           1.736     7.520    IOBUF_inst_SCL/I
    L18                  OBUFT (Prop_obuft_I_O)       3.537    11.057 r  IOBUF_inst_SCL/OBUFT/O
                         net (fo=1, unset)            0.000    11.057    scl
    L18                                                               r  scl (INOUT)
  -------------------------------------------------------------------    -------------------





Min Delay Paths
--------------------------------------------------------------------------------------
Slack:                    inf
  Source:                 impl_i2c_master/sda_o_reg_reg/C
                            (rising edge-triggered cell FDSE clocked by sys_clk_pin  {rise@0.000ns fall@5.000ns period=10.000ns})
  Destination:            sda
                            (output port)
  Path Group:             (none)
  Path Type:              Min at Fast Process Corner
  Data Path Delay:        1.636ns  (logic 0.965ns (58.974%)  route 0.671ns (41.026%))
  Logic Levels:           1  (OBUFT=1)
  Clock Uncertainty:      0.025ns  ((TSJ^2 + TIJ^2)^1/2 + DJ) / 2 + PE
    Total System Jitter     (TSJ):    0.050ns
    Total Input Jitter      (TIJ):    0.000ns
    Discrete Jitter          (DJ):    0.000ns
    Phase Error              (PE):    0.000ns

    Location             Delay type                Incr(ns)  Path(ns)    Netlist Resource(s)
  -------------------------------------------------------------------    -------------------
                         (clock sys_clk_pin rise edge)
                                                      0.000     0.000 r  
    E3                                                0.000     0.000 r  clk (IN)
                         net (fo=0)                   0.000     0.000    clk
    E3                   IBUF (Prop_ibuf_I_O)         0.250     0.250 r  clk_IBUF_inst/O
                         net (fo=1, routed)           0.644     0.894    clk_IBUF
    BUFGCTRL_X0Y16       BUFG (Prop_bufg_I_O)         0.026     0.920 r  clk_IBUF_BUFG_inst/O
                         net (fo=492, routed)         0.605     1.524    impl_i2c_master/clk_IBUF_BUFG
    SLICE_X1Y98          FDSE                                         r  impl_i2c_master/sda_o_reg_reg/C
  -------------------------------------------------------------------    -------------------
    SLICE_X1Y98          FDSE (Prop_fdse_C_Q)         0.141     1.665 r  impl_i2c_master/sda_o_reg_reg/Q
                         net (fo=2, routed)           0.671     2.337    IOBUF_inst_SDA/T
    M18                  OBUFT (TriStatD_obuft_T_O)
                                                      0.824     3.161 r  IOBUF_inst_SDA/OBUFT/O
                         net (fo=1, unset)            0.000     3.161    sda
    M18                                                               r  sda (INOUT)
  -------------------------------------------------------------------    -------------------

Slack:                    inf
  Source:                 impl_i2c_master/scl_o_reg_reg/C
                            (rising edge-triggered cell FDSE clocked by sys_clk_pin  {rise@0.000ns fall@5.000ns period=10.000ns})
  Destination:            scl
                            (output port)
  Path Group:             (none)
  Path Type:              Min at Fast Process Corner
  Data Path Delay:        1.755ns  (logic 1.379ns (78.570%)  route 0.376ns (21.430%))
  Logic Levels:           1  (OBUFT=1)
  Clock Uncertainty:      0.025ns  ((TSJ^2 + TIJ^2)^1/2 + DJ) / 2 + PE
    Total System Jitter     (TSJ):    0.050ns
    Total Input Jitter      (TIJ):    0.000ns
    Discrete Jitter          (DJ):    0.000ns
    Phase Error              (PE):    0.000ns

    Location             Delay type                Incr(ns)  Path(ns)    Netlist Resource(s)
  -------------------------------------------------------------------    -------------------
                         (clock sys_clk_pin rise edge)
                                                      0.000     0.000 r  
    E3                                                0.000     0.000 r  clk (IN)
                         net (fo=0)                   0.000     0.000    clk
    E3                   IBUF (Prop_ibuf_I_O)         0.250     0.250 r  clk_IBUF_inst/O
                         net (fo=1, routed)           0.644     0.894    clk_IBUF
    BUFGCTRL_X0Y16       BUFG (Prop_bufg_I_O)         0.026     0.920 r  clk_IBUF_BUFG_inst/O
                         net (fo=492, routed)         0.604     1.523    impl_i2c_master/clk_IBUF_BUFG
    SLICE_X1Y96          FDSE                                         r  impl_i2c_master/scl_o_reg_reg/C
  -------------------------------------------------------------------    -------------------
    SLICE_X1Y96          FDSE (Prop_fdse_C_Q)         0.141     1.664 r  impl_i2c_master/scl_o_reg_reg/Q
                         net (fo=3, routed)           0.376     2.040    IOBUF_inst_SCL/I
    L18                  OBUFT (Prop_obuft_I_O)       1.238     3.279 r  IOBUF_inst_SCL/OBUFT/O
                         net (fo=1, unset)            0.000     3.279    scl
    L18                                                               r  scl (INOUT)
  -------------------------------------------------------------------    -------------------

Slack:                    inf
  Source:                 impl_uart_tx/txd_reg_reg/C
                            (rising edge-triggered cell FDSE clocked by sys_clk_pin  {rise@0.000ns fall@5.000ns period=10.000ns})
  Destination:            uart_txd
                            (output port)
  Path Group:             (none)
  Path Type:              Min at Fast Process Corner
  Data Path Delay:        2.291ns  (logic 1.364ns (59.559%)  route 0.926ns (40.441%))
  Logic Levels:           1  (OBUF=1)
  Clock Uncertainty:      0.025ns  ((TSJ^2 + TIJ^2)^1/2 + DJ) / 2 + PE
    Total System Jitter     (TSJ):    0.050ns
    Total Input Jitter      (TIJ):    0.000ns
    Discrete Jitter          (DJ):    0.000ns
    Phase Error              (PE):    0.000ns

    Location             Delay type                Incr(ns)  Path(ns)    Netlist Resource(s)
  -------------------------------------------------------------------    -------------------
                         (clock sys_clk_pin rise edge)
                                                      0.000     0.000 r  
    E3                                                0.000     0.000 r  clk (IN)
                         net (fo=0)                   0.000     0.000    clk
    E3                   IBUF (Prop_ibuf_I_O)         0.250     0.250 r  clk_IBUF_inst/O
                         net (fo=1, routed)           0.644     0.894    clk_IBUF
    BUFGCTRL_X0Y16       BUFG (Prop_bufg_I_O)         0.026     0.920 r  clk_IBUF_BUFG_inst/O
                         net (fo=492, routed)         0.598     1.517    impl_uart_tx/clk_IBUF_BUFG
    SLICE_X5Y102         FDSE                                         r  impl_uart_tx/txd_reg_reg/C
  -------------------------------------------------------------------    -------------------
    SLICE_X5Y102         FDSE (Prop_fdse_C_Q)         0.141     1.658 r  impl_uart_tx/txd_reg_reg/Q
                         net (fo=1, routed)           0.926     2.585    uart_txd_OBUF
    D10                  OBUF (Prop_obuf_I_O)         1.223     3.808 r  uart_txd_OBUF_inst/O
                         net (fo=0)                   0.000     3.808    uart_txd
    D10                                                               r  uart_txd (OUT)
  -------------------------------------------------------------------    -------------------





--------------------------------------------------------------------------------------
Path Group:  (none)
From Clock:  
  To Clock:  sys_clk_pin

Max Delay           218 Endpoints
Min Delay           218 Endpoints
--------------------------------------------------------------------------------------


Max Delay Paths
--------------------------------------------------------------------------------------
Slack:                    inf
  Source:                 rstn
                            (input port)
  Destination:            impl_uart_rx/FSM_sequential_fsm_state_reg[0]/R
                            (rising edge-triggered cell FDRE clocked by sys_clk_pin  {rise@0.000ns fall@5.000ns period=10.000ns})
  Path Group:             (none)
  Path Type:              Setup (Max at Slow Process Corner)
  Data Path Delay:        8.826ns  (logic 1.659ns (18.798%)  route 7.167ns (81.202%))
  Logic Levels:           2  (IBUF=1 LUT1=1)
  Clock Path Skew:        4.944ns (DCD - SCD + CPR)
    Destination Clock Delay (DCD):    4.944ns
    Source Clock Delay      (SCD):    0.000ns
    Clock Pessimism Removal (CPR):    0.000ns
  Clock Uncertainty:      0.025ns  ((TSJ^2 + TIJ^2)^1/2 + DJ) / 2 + PE
    Total System Jitter     (TSJ):    0.050ns
    Total Input Jitter      (TIJ):    0.000ns
    Discrete Jitter          (DJ):    0.000ns
    Phase Error              (PE):    0.000ns

    Location             Delay type                Incr(ns)  Path(ns)    Netlist Resource(s)
  -------------------------------------------------------------------    -------------------
    C2                                                0.000     0.000 f  rstn (IN)
                         net (fo=0)                   0.000     0.000    rstn
    C2                   IBUF (Prop_ibuf_I_O)         1.507     1.507 f  rstn_IBUF_inst/O
                         net (fo=14, routed)          3.016     4.523    impl_middle/rstn_IBUF
    SLICE_X8Y103         LUT1 (Prop_lut1_I0_O)        0.152     4.675 r  impl_middle/FSM_sequential_fsm_state[1]_i_1__0/O
                         net (fo=163, routed)         4.151     8.826    impl_uart_rx/SR[0]
    SLICE_X12Y88         FDRE                                         r  impl_uart_rx/FSM_sequential_fsm_state_reg[0]/R
  -------------------------------------------------------------------    -------------------

                         (clock sys_clk_pin rise edge)
                                                      0.000     0.000 r  
    E3                                                0.000     0.000 r  clk (IN)
                         net (fo=0)                   0.000     0.000    clk
    E3                   IBUF (Prop_ibuf_I_O)         1.411     1.411 r  clk_IBUF_inst/O
                         net (fo=1, routed)           1.920     3.331    clk_IBUF
    BUFGCTRL_X0Y16       BUFG (Prop_bufg_I_O)         0.091     3.422 r  clk_IBUF_BUFG_inst/O
                         net (fo=492, routed)         1.521     4.944    impl_uart_rx/clk_IBUF_BUFG
    SLICE_X12Y88         FDRE                                         r  impl_uart_rx/FSM_sequential_fsm_state_reg[0]/C

Slack:                    inf
  Source:                 rstn
                            (input port)
  Destination:            impl_uart_rx/FSM_sequential_fsm_state_reg[1]/R
                            (rising edge-triggered cell FDRE clocked by sys_clk_pin  {rise@0.000ns fall@5.000ns period=10.000ns})
  Path Group:             (none)
  Path Type:              Setup (Max at Slow Process Corner)
  Data Path Delay:        8.826ns  (logic 1.659ns (18.798%)  route 7.167ns (81.202%))
  Logic Levels:           2  (IBUF=1 LUT1=1)
  Clock Path Skew:        4.944ns (DCD - SCD + CPR)
    Destination Clock Delay (DCD):    4.944ns
    Source Clock Delay      (SCD):    0.000ns
    Clock Pessimism Removal (CPR):    0.000ns
  Clock Uncertainty:      0.025ns  ((TSJ^2 + TIJ^2)^1/2 + DJ) / 2 + PE
    Total System Jitter     (TSJ):    0.050ns
    Total Input Jitter      (TIJ):    0.000ns
    Discrete Jitter          (DJ):    0.000ns
    Phase Error              (PE):    0.000ns

    Location             Delay type                Incr(ns)  Path(ns)    Netlist Resource(s)
  -------------------------------------------------------------------    -------------------
    C2                                                0.000     0.000 f  rstn (IN)
                         net (fo=0)                   0.000     0.000    rstn
    C2                   IBUF (Prop_ibuf_I_O)         1.507     1.507 f  rstn_IBUF_inst/O
                         net (fo=14, routed)          3.016     4.523    impl_middle/rstn_IBUF
    SLICE_X8Y103         LUT1 (Prop_lut1_I0_O)        0.152     4.675 r  impl_middle/FSM_sequential_fsm_state[1]_i_1__0/O
                         net (fo=163, routed)         4.151     8.826    impl_uart_rx/SR[0]
    SLICE_X12Y88         FDRE                                         r  impl_uart_rx/FSM_sequential_fsm_state_reg[1]/R
  -------------------------------------------------------------------    -------------------

                         (clock sys_clk_pin rise edge)
                                                      0.000     0.000 r  
    E3                                                0.000     0.000 r  clk (IN)
                         net (fo=0)                   0.000     0.000    clk
    E3                   IBUF (Prop_ibuf_I_O)         1.411     1.411 r  clk_IBUF_inst/O
                         net (fo=1, routed)           1.920     3.331    clk_IBUF
    BUFGCTRL_X0Y16       BUFG (Prop_bufg_I_O)         0.091     3.422 r  clk_IBUF_BUFG_inst/O
                         net (fo=492, routed)         1.521     4.944    impl_uart_rx/clk_IBUF_BUFG
    SLICE_X12Y88         FDRE                                         r  impl_uart_rx/FSM_sequential_fsm_state_reg[1]/C

Slack:                    inf
  Source:                 rstn
                            (input port)
  Destination:            impl_uart_rx/bit_sample_reg/R
                            (rising edge-triggered cell FDRE clocked by sys_clk_pin  {rise@0.000ns fall@5.000ns period=10.000ns})
  Path Group:             (none)
  Path Type:              Setup (Max at Slow Process Corner)
  Data Path Delay:        8.826ns  (logic 1.659ns (18.798%)  route 7.167ns (81.202%))
  Logic Levels:           2  (IBUF=1 LUT1=1)
  Clock Path Skew:        4.944ns (DCD - SCD + CPR)
    Destination Clock Delay (DCD):    4.944ns
    Source Clock Delay      (SCD):    0.000ns
    Clock Pessimism Removal (CPR):    0.000ns
  Clock Uncertainty:      0.025ns  ((TSJ^2 + TIJ^2)^1/2 + DJ) / 2 + PE
    Total System Jitter     (TSJ):    0.050ns
    Total Input Jitter      (TIJ):    0.000ns
    Discrete Jitter          (DJ):    0.000ns
    Phase Error              (PE):    0.000ns

    Location             Delay type                Incr(ns)  Path(ns)    Netlist Resource(s)
  -------------------------------------------------------------------    -------------------
    C2                                                0.000     0.000 f  rstn (IN)
                         net (fo=0)                   0.000     0.000    rstn
    C2                   IBUF (Prop_ibuf_I_O)         1.507     1.507 f  rstn_IBUF_inst/O
                         net (fo=14, routed)          3.016     4.523    impl_middle/rstn_IBUF
    SLICE_X8Y103         LUT1 (Prop_lut1_I0_O)        0.152     4.675 r  impl_middle/FSM_sequential_fsm_state[1]_i_1__0/O
                         net (fo=163, routed)         4.151     8.826    impl_uart_rx/SR[0]
    SLICE_X12Y88         FDRE                                         r  impl_uart_rx/bit_sample_reg/R
  -------------------------------------------------------------------    -------------------

                         (clock sys_clk_pin rise edge)
                                                      0.000     0.000 r  
    E3                                                0.000     0.000 r  clk (IN)
                         net (fo=0)                   0.000     0.000    clk
    E3                   IBUF (Prop_ibuf_I_O)         1.411     1.411 r  clk_IBUF_inst/O
                         net (fo=1, routed)           1.920     3.331    clk_IBUF
    BUFGCTRL_X0Y16       BUFG (Prop_bufg_I_O)         0.091     3.422 r  clk_IBUF_BUFG_inst/O
                         net (fo=492, routed)         1.521     4.944    impl_uart_rx/clk_IBUF_BUFG
    SLICE_X12Y88         FDRE                                         r  impl_uart_rx/bit_sample_reg/C

Slack:                    inf
  Source:                 rstn
                            (input port)
  Destination:            impl_laster/fifo_axis_tlast_reg_reg/R
                            (rising edge-triggered cell FDRE clocked by sys_clk_pin  {rise@0.000ns fall@5.000ns period=10.000ns})
  Path Group:             (none)
  Path Type:              Setup (Max at Slow Process Corner)
  Data Path Delay:        8.652ns  (logic 1.659ns (19.176%)  route 6.993ns (80.824%))
  Logic Levels:           2  (IBUF=1 LUT1=1)
  Clock Path Skew:        4.943ns (DCD - SCD + CPR)
    Destination Clock Delay (DCD):    4.943ns
    Source Clock Delay      (SCD):    0.000ns
    Clock Pessimism Removal (CPR):    0.000ns
  Clock Uncertainty:      0.025ns  ((TSJ^2 + TIJ^2)^1/2 + DJ) / 2 + PE
    Total System Jitter     (TSJ):    0.050ns
    Total Input Jitter      (TIJ):    0.000ns
    Discrete Jitter          (DJ):    0.000ns
    Phase Error              (PE):    0.000ns

    Location             Delay type                Incr(ns)  Path(ns)    Netlist Resource(s)
  -------------------------------------------------------------------    -------------------
    C2                                                0.000     0.000 f  rstn (IN)
                         net (fo=0)                   0.000     0.000    rstn
    C2                   IBUF (Prop_ibuf_I_O)         1.507     1.507 f  rstn_IBUF_inst/O
                         net (fo=14, routed)          3.016     4.523    impl_middle/rstn_IBUF
    SLICE_X8Y103         LUT1 (Prop_lut1_I0_O)        0.152     4.675 r  impl_middle/FSM_sequential_fsm_state[1]_i_1__0/O
                         net (fo=163, routed)         3.977     8.652    impl_laster/SR[0]
    SLICE_X9Y87          FDRE                                         r  impl_laster/fifo_axis_tlast_reg_reg/R
  -------------------------------------------------------------------    -------------------

                         (clock sys_clk_pin rise edge)
                                                      0.000     0.000 r  
    E3                                                0.000     0.000 r  clk (IN)
                         net (fo=0)                   0.000     0.000    clk
    E3                   IBUF (Prop_ibuf_I_O)         1.411     1.411 r  clk_IBUF_inst/O
                         net (fo=1, routed)           1.920     3.331    clk_IBUF
    BUFGCTRL_X0Y16       BUFG (Prop_bufg_I_O)         0.091     3.422 r  clk_IBUF_BUFG_inst/O
                         net (fo=492, routed)         1.520     4.943    impl_laster/clk_IBUF_BUFG
    SLICE_X9Y87          FDRE                                         r  impl_laster/fifo_axis_tlast_reg_reg/C

Slack:                    inf
  Source:                 rstn
                            (input port)
  Destination:            impl_laster/stato_reg_reg/S
                            (rising edge-triggered cell FDSE clocked by sys_clk_pin  {rise@0.000ns fall@5.000ns period=10.000ns})
  Path Group:             (none)
  Path Type:              Setup (Max at Slow Process Corner)
  Data Path Delay:        8.652ns  (logic 1.659ns (19.176%)  route 6.993ns (80.824%))
  Logic Levels:           2  (IBUF=1 LUT1=1)
  Clock Path Skew:        4.943ns (DCD - SCD + CPR)
    Destination Clock Delay (DCD):    4.943ns
    Source Clock Delay      (SCD):    0.000ns
    Clock Pessimism Removal (CPR):    0.000ns
  Clock Uncertainty:      0.025ns  ((TSJ^2 + TIJ^2)^1/2 + DJ) / 2 + PE
    Total System Jitter     (TSJ):    0.050ns
    Total Input Jitter      (TIJ):    0.000ns
    Discrete Jitter          (DJ):    0.000ns
    Phase Error              (PE):    0.000ns

    Location             Delay type                Incr(ns)  Path(ns)    Netlist Resource(s)
  -------------------------------------------------------------------    -------------------
    C2                                                0.000     0.000 f  rstn (IN)
                         net (fo=0)                   0.000     0.000    rstn
    C2                   IBUF (Prop_ibuf_I_O)         1.507     1.507 f  rstn_IBUF_inst/O
                         net (fo=14, routed)          3.016     4.523    impl_middle/rstn_IBUF
    SLICE_X8Y103         LUT1 (Prop_lut1_I0_O)        0.152     4.675 r  impl_middle/FSM_sequential_fsm_state[1]_i_1__0/O
                         net (fo=163, routed)         3.977     8.652    impl_laster/SR[0]
    SLICE_X9Y87          FDSE                                         r  impl_laster/stato_reg_reg/S
  -------------------------------------------------------------------    -------------------

                         (clock sys_clk_pin rise edge)
                                                      0.000     0.000 r  
    E3                                                0.000     0.000 r  clk (IN)
                         net (fo=0)                   0.000     0.000    clk
    E3                   IBUF (Prop_ibuf_I_O)         1.411     1.411 r  clk_IBUF_inst/O
                         net (fo=1, routed)           1.920     3.331    clk_IBUF
    BUFGCTRL_X0Y16       BUFG (Prop_bufg_I_O)         0.091     3.422 r  clk_IBUF_BUFG_inst/O
                         net (fo=492, routed)         1.520     4.943    impl_laster/clk_IBUF_BUFG
    SLICE_X9Y87          FDSE                                         r  impl_laster/stato_reg_reg/C

Slack:                    inf
  Source:                 rstn
                            (input port)
  Destination:            impl_laster/fifo_axis_tdata_reg_reg[0]/R
                            (rising edge-triggered cell FDRE clocked by sys_clk_pin  {rise@0.000ns fall@5.000ns period=10.000ns})
  Path Group:             (none)
  Path Type:              Setup (Max at Slow Process Corner)
  Data Path Delay:        8.373ns  (logic 1.659ns (19.816%)  route 6.714ns (80.184%))
  Logic Levels:           2  (IBUF=1 LUT1=1)
  Clock Path Skew:        4.944ns (DCD - SCD + CPR)
    Destination Clock Delay (DCD):    4.944ns
    Source Clock Delay      (SCD):    0.000ns
    Clock Pessimism Removal (CPR):    0.000ns
  Clock Uncertainty:      0.025ns  ((TSJ^2 + TIJ^2)^1/2 + DJ) / 2 + PE
    Total System Jitter     (TSJ):    0.050ns
    Total Input Jitter      (TIJ):    0.000ns
    Discrete Jitter          (DJ):    0.000ns
    Phase Error              (PE):    0.000ns

    Location             Delay type                Incr(ns)  Path(ns)    Netlist Resource(s)
  -------------------------------------------------------------------    -------------------
    C2                                                0.000     0.000 f  rstn (IN)
                         net (fo=0)                   0.000     0.000    rstn
    C2                   IBUF (Prop_ibuf_I_O)         1.507     1.507 f  rstn_IBUF_inst/O
                         net (fo=14, routed)          3.016     4.523    impl_middle/rstn_IBUF
    SLICE_X8Y103         LUT1 (Prop_lut1_I0_O)        0.152     4.675 r  impl_middle/FSM_sequential_fsm_state[1]_i_1__0/O
                         net (fo=163, routed)         3.698     8.373    impl_laster/SR[0]
    SLICE_X9Y88          FDRE                                         r  impl_laster/fifo_axis_tdata_reg_reg[0]/R
  -------------------------------------------------------------------    -------------------

                         (clock sys_clk_pin rise edge)
                                                      0.000     0.000 r  
    E3                                                0.000     0.000 r  clk (IN)
                         net (fo=0)                   0.000     0.000    clk
    E3                   IBUF (Prop_ibuf_I_O)         1.411     1.411 r  clk_IBUF_inst/O
                         net (fo=1, routed)           1.920     3.331    clk_IBUF
    BUFGCTRL_X0Y16       BUFG (Prop_bufg_I_O)         0.091     3.422 r  clk_IBUF_BUFG_inst/O
                         net (fo=492, routed)         1.521     4.944    impl_laster/clk_IBUF_BUFG
    SLICE_X9Y88          FDRE                                         r  impl_laster/fifo_axis_tdata_reg_reg[0]/C

Slack:                    inf
  Source:                 rstn
                            (input port)
  Destination:            impl_laster/fifo_axis_tdata_reg_reg[1]/R
                            (rising edge-triggered cell FDRE clocked by sys_clk_pin  {rise@0.000ns fall@5.000ns period=10.000ns})
  Path Group:             (none)
  Path Type:              Setup (Max at Slow Process Corner)
  Data Path Delay:        8.373ns  (logic 1.659ns (19.816%)  route 6.714ns (80.184%))
  Logic Levels:           2  (IBUF=1 LUT1=1)
  Clock Path Skew:        4.944ns (DCD - SCD + CPR)
    Destination Clock Delay (DCD):    4.944ns
    Source Clock Delay      (SCD):    0.000ns
    Clock Pessimism Removal (CPR):    0.000ns
  Clock Uncertainty:      0.025ns  ((TSJ^2 + TIJ^2)^1/2 + DJ) / 2 + PE
    Total System Jitter     (TSJ):    0.050ns
    Total Input Jitter      (TIJ):    0.000ns
    Discrete Jitter          (DJ):    0.000ns
    Phase Error              (PE):    0.000ns

    Location             Delay type                Incr(ns)  Path(ns)    Netlist Resource(s)
  -------------------------------------------------------------------    -------------------
    C2                                                0.000     0.000 f  rstn (IN)
                         net (fo=0)                   0.000     0.000    rstn
    C2                   IBUF (Prop_ibuf_I_O)         1.507     1.507 f  rstn_IBUF_inst/O
                         net (fo=14, routed)          3.016     4.523    impl_middle/rstn_IBUF
    SLICE_X8Y103         LUT1 (Prop_lut1_I0_O)        0.152     4.675 r  impl_middle/FSM_sequential_fsm_state[1]_i_1__0/O
                         net (fo=163, routed)         3.698     8.373    impl_laster/SR[0]
    SLICE_X9Y88          FDRE                                         r  impl_laster/fifo_axis_tdata_reg_reg[1]/R
  -------------------------------------------------------------------    -------------------

                         (clock sys_clk_pin rise edge)
                                                      0.000     0.000 r  
    E3                                                0.000     0.000 r  clk (IN)
                         net (fo=0)                   0.000     0.000    clk
    E3                   IBUF (Prop_ibuf_I_O)         1.411     1.411 r  clk_IBUF_inst/O
                         net (fo=1, routed)           1.920     3.331    clk_IBUF
    BUFGCTRL_X0Y16       BUFG (Prop_bufg_I_O)         0.091     3.422 r  clk_IBUF_BUFG_inst/O
                         net (fo=492, routed)         1.521     4.944    impl_laster/clk_IBUF_BUFG
    SLICE_X9Y88          FDRE                                         r  impl_laster/fifo_axis_tdata_reg_reg[1]/C

Slack:                    inf
  Source:                 rstn
                            (input port)
  Destination:            impl_laster/fifo_axis_tdata_reg_reg[2]/R
                            (rising edge-triggered cell FDRE clocked by sys_clk_pin  {rise@0.000ns fall@5.000ns period=10.000ns})
  Path Group:             (none)
  Path Type:              Setup (Max at Slow Process Corner)
  Data Path Delay:        8.373ns  (logic 1.659ns (19.816%)  route 6.714ns (80.184%))
  Logic Levels:           2  (IBUF=1 LUT1=1)
  Clock Path Skew:        4.944ns (DCD - SCD + CPR)
    Destination Clock Delay (DCD):    4.944ns
    Source Clock Delay      (SCD):    0.000ns
    Clock Pessimism Removal (CPR):    0.000ns
  Clock Uncertainty:      0.025ns  ((TSJ^2 + TIJ^2)^1/2 + DJ) / 2 + PE
    Total System Jitter     (TSJ):    0.050ns
    Total Input Jitter      (TIJ):    0.000ns
    Discrete Jitter          (DJ):    0.000ns
    Phase Error              (PE):    0.000ns

    Location             Delay type                Incr(ns)  Path(ns)    Netlist Resource(s)
  -------------------------------------------------------------------    -------------------
    C2                                                0.000     0.000 f  rstn (IN)
                         net (fo=0)                   0.000     0.000    rstn
    C2                   IBUF (Prop_ibuf_I_O)         1.507     1.507 f  rstn_IBUF_inst/O
                         net (fo=14, routed)          3.016     4.523    impl_middle/rstn_IBUF
    SLICE_X8Y103         LUT1 (Prop_lut1_I0_O)        0.152     4.675 r  impl_middle/FSM_sequential_fsm_state[1]_i_1__0/O
                         net (fo=163, routed)         3.698     8.373    impl_laster/SR[0]
    SLICE_X9Y88          FDRE                                         r  impl_laster/fifo_axis_tdata_reg_reg[2]/R
  -------------------------------------------------------------------    -------------------

                         (clock sys_clk_pin rise edge)
                                                      0.000     0.000 r  
    E3                                                0.000     0.000 r  clk (IN)
                         net (fo=0)                   0.000     0.000    clk
    E3                   IBUF (Prop_ibuf_I_O)         1.411     1.411 r  clk_IBUF_inst/O
                         net (fo=1, routed)           1.920     3.331    clk_IBUF
    BUFGCTRL_X0Y16       BUFG (Prop_bufg_I_O)         0.091     3.422 r  clk_IBUF_BUFG_inst/O
                         net (fo=492, routed)         1.521     4.944    impl_laster/clk_IBUF_BUFG
    SLICE_X9Y88          FDRE                                         r  impl_laster/fifo_axis_tdata_reg_reg[2]/C

Slack:                    inf
  Source:                 rstn
                            (input port)
  Destination:            impl_laster/fifo_axis_tdata_reg_reg[3]/R
                            (rising edge-triggered cell FDRE clocked by sys_clk_pin  {rise@0.000ns fall@5.000ns period=10.000ns})
  Path Group:             (none)
  Path Type:              Setup (Max at Slow Process Corner)
  Data Path Delay:        8.373ns  (logic 1.659ns (19.816%)  route 6.714ns (80.184%))
  Logic Levels:           2  (IBUF=1 LUT1=1)
  Clock Path Skew:        4.944ns (DCD - SCD + CPR)
    Destination Clock Delay (DCD):    4.944ns
    Source Clock Delay      (SCD):    0.000ns
    Clock Pessimism Removal (CPR):    0.000ns
  Clock Uncertainty:      0.025ns  ((TSJ^2 + TIJ^2)^1/2 + DJ) / 2 + PE
    Total System Jitter     (TSJ):    0.050ns
    Total Input Jitter      (TIJ):    0.000ns
    Discrete Jitter          (DJ):    0.000ns
    Phase Error              (PE):    0.000ns

    Location             Delay type                Incr(ns)  Path(ns)    Netlist Resource(s)
  -------------------------------------------------------------------    -------------------
    C2                                                0.000     0.000 f  rstn (IN)
                         net (fo=0)                   0.000     0.000    rstn
    C2                   IBUF (Prop_ibuf_I_O)         1.507     1.507 f  rstn_IBUF_inst/O
                         net (fo=14, routed)          3.016     4.523    impl_middle/rstn_IBUF
    SLICE_X8Y103         LUT1 (Prop_lut1_I0_O)        0.152     4.675 r  impl_middle/FSM_sequential_fsm_state[1]_i_1__0/O
                         net (fo=163, routed)         3.698     8.373    impl_laster/SR[0]
    SLICE_X9Y88          FDRE                                         r  impl_laster/fifo_axis_tdata_reg_reg[3]/R
  -------------------------------------------------------------------    -------------------

                         (clock sys_clk_pin rise edge)
                                                      0.000     0.000 r  
    E3                                                0.000     0.000 r  clk (IN)
                         net (fo=0)                   0.000     0.000    clk
    E3                   IBUF (Prop_ibuf_I_O)         1.411     1.411 r  clk_IBUF_inst/O
                         net (fo=1, routed)           1.920     3.331    clk_IBUF
    BUFGCTRL_X0Y16       BUFG (Prop_bufg_I_O)         0.091     3.422 r  clk_IBUF_BUFG_inst/O
                         net (fo=492, routed)         1.521     4.944    impl_laster/clk_IBUF_BUFG
    SLICE_X9Y88          FDRE                                         r  impl_laster/fifo_axis_tdata_reg_reg[3]/C

Slack:                    inf
  Source:                 rstn
                            (input port)
  Destination:            impl_laster/fifo_axis_tdata_reg_reg[4]/R
                            (rising edge-triggered cell FDRE clocked by sys_clk_pin  {rise@0.000ns fall@5.000ns period=10.000ns})
  Path Group:             (none)
  Path Type:              Setup (Max at Slow Process Corner)
  Data Path Delay:        8.373ns  (logic 1.659ns (19.816%)  route 6.714ns (80.184%))
  Logic Levels:           2  (IBUF=1 LUT1=1)
  Clock Path Skew:        4.944ns (DCD - SCD + CPR)
    Destination Clock Delay (DCD):    4.944ns
    Source Clock Delay      (SCD):    0.000ns
    Clock Pessimism Removal (CPR):    0.000ns
  Clock Uncertainty:      0.025ns  ((TSJ^2 + TIJ^2)^1/2 + DJ) / 2 + PE
    Total System Jitter     (TSJ):    0.050ns
    Total Input Jitter      (TIJ):    0.000ns
    Discrete Jitter          (DJ):    0.000ns
    Phase Error              (PE):    0.000ns

    Location             Delay type                Incr(ns)  Path(ns)    Netlist Resource(s)
  -------------------------------------------------------------------    -------------------
    C2                                                0.000     0.000 f  rstn (IN)
                         net (fo=0)                   0.000     0.000    rstn
    C2                   IBUF (Prop_ibuf_I_O)         1.507     1.507 f  rstn_IBUF_inst/O
                         net (fo=14, routed)          3.016     4.523    impl_middle/rstn_IBUF
    SLICE_X8Y103         LUT1 (Prop_lut1_I0_O)        0.152     4.675 r  impl_middle/FSM_sequential_fsm_state[1]_i_1__0/O
                         net (fo=163, routed)         3.698     8.373    impl_laster/SR[0]
    SLICE_X9Y88          FDRE                                         r  impl_laster/fifo_axis_tdata_reg_reg[4]/R
  -------------------------------------------------------------------    -------------------

                         (clock sys_clk_pin rise edge)
                                                      0.000     0.000 r  
    E3                                                0.000     0.000 r  clk (IN)
                         net (fo=0)                   0.000     0.000    clk
    E3                   IBUF (Prop_ibuf_I_O)         1.411     1.411 r  clk_IBUF_inst/O
                         net (fo=1, routed)           1.920     3.331    clk_IBUF
    BUFGCTRL_X0Y16       BUFG (Prop_bufg_I_O)         0.091     3.422 r  clk_IBUF_BUFG_inst/O
                         net (fo=492, routed)         1.521     4.944    impl_laster/clk_IBUF_BUFG
    SLICE_X9Y88          FDRE                                         r  impl_laster/fifo_axis_tdata_reg_reg[4]/C





Min Delay Paths
--------------------------------------------------------------------------------------
Slack:                    inf
  Source:                 scl
                            (input port)
  Destination:            impl_i2c_master/scl_i_reg_reg/D
                            (rising edge-triggered cell FDRE clocked by sys_clk_pin  {rise@0.000ns fall@5.000ns period=10.000ns})
  Path Group:             (none)
  Path Type:              Hold (Min at Fast Process Corner)
  Data Path Delay:        0.674ns  (logic 0.250ns (37.128%)  route 0.424ns (62.872%))
  Logic Levels:           1  (IBUF=1)
  Clock Path Skew:        2.042ns (DCD - SCD - CPR)
    Destination Clock Delay (DCD):    2.042ns
    Source Clock Delay      (SCD):    0.000ns
    Clock Pessimism Removal (CPR):    -0.000ns

    Location             Delay type                Incr(ns)  Path(ns)    Netlist Resource(s)
  -------------------------------------------------------------------    -------------------
    L18                                               0.000     0.000 r  scl (INOUT)
                         net (fo=1, unset)            0.000     0.000    IOBUF_inst_SCL/IO
    L18                  IBUF (Prop_ibuf_I_O)         0.250     0.250 r  IOBUF_inst_SCL/IBUF/O
                         net (fo=1, routed)           0.424     0.674    impl_i2c_master/scl_i
    SLICE_X0Y96          FDRE                                         r  impl_i2c_master/scl_i_reg_reg/D
  -------------------------------------------------------------------    -------------------

                         (clock sys_clk_pin rise edge)
                                                      0.000     0.000 r  
    E3                                                0.000     0.000 r  clk (IN)
                         net (fo=0)                   0.000     0.000    clk
    E3                   IBUF (Prop_ibuf_I_O)         0.438     0.438 r  clk_IBUF_inst/O
                         net (fo=1, routed)           0.699     1.136    clk_IBUF
    BUFGCTRL_X0Y16       BUFG (Prop_bufg_I_O)         0.029     1.165 r  clk_IBUF_BUFG_inst/O
                         net (fo=492, routed)         0.877     2.042    impl_i2c_master/clk_IBUF_BUFG
    SLICE_X0Y96          FDRE                                         r  impl_i2c_master/scl_i_reg_reg/C

Slack:                    inf
  Source:                 sda
                            (input port)
  Destination:            impl_i2c_master/sda_i_reg_reg/D
                            (rising edge-triggered cell FDRE clocked by sys_clk_pin  {rise@0.000ns fall@5.000ns period=10.000ns})
  Path Group:             (none)
  Path Type:              Hold (Min at Fast Process Corner)
  Data Path Delay:        0.678ns  (logic 0.254ns (37.389%)  route 0.425ns (62.611%))
  Logic Levels:           1  (IBUF=1)
  Clock Path Skew:        2.042ns (DCD - SCD - CPR)
    Destination Clock Delay (DCD):    2.042ns
    Source Clock Delay      (SCD):    0.000ns
    Clock Pessimism Removal (CPR):    -0.000ns

    Location             Delay type                Incr(ns)  Path(ns)    Netlist Resource(s)
  -------------------------------------------------------------------    -------------------
    M18                                               0.000     0.000 r  sda (INOUT)
                         net (fo=1, unset)            0.000     0.000    IOBUF_inst_SDA/IO
    M18                  IBUF (Prop_ibuf_I_O)         0.254     0.254 r  IOBUF_inst_SDA/IBUF/O
                         net (fo=1, routed)           0.425     0.678    impl_i2c_master/sda_i
    SLICE_X0Y96          FDRE                                         r  impl_i2c_master/sda_i_reg_reg/D
  -------------------------------------------------------------------    -------------------

                         (clock sys_clk_pin rise edge)
                                                      0.000     0.000 r  
    E3                                                0.000     0.000 r  clk (IN)
                         net (fo=0)                   0.000     0.000    clk
    E3                   IBUF (Prop_ibuf_I_O)         0.438     0.438 r  clk_IBUF_inst/O
                         net (fo=1, routed)           0.699     1.136    clk_IBUF
    BUFGCTRL_X0Y16       BUFG (Prop_bufg_I_O)         0.029     1.165 r  clk_IBUF_BUFG_inst/O
                         net (fo=492, routed)         0.877     2.042    impl_i2c_master/clk_IBUF_BUFG
    SLICE_X0Y96          FDRE                                         r  impl_i2c_master/sda_i_reg_reg/C

Slack:                    inf
  Source:                 uart_rxd
                            (input port)
  Destination:            impl_uart_rx/rxd_reg_0_reg/D
                            (rising edge-triggered cell FDSE clocked by sys_clk_pin  {rise@0.000ns fall@5.000ns period=10.000ns})
  Path Group:             (none)
  Path Type:              Hold (Min at Fast Process Corner)
  Data Path Delay:        1.561ns  (logic 0.294ns (18.820%)  route 1.267ns (81.180%))
  Logic Levels:           1  (IBUF=1)
  Clock Path Skew:        2.010ns (DCD - SCD - CPR)
    Destination Clock Delay (DCD):    2.010ns
    Source Clock Delay      (SCD):    0.000ns
    Clock Pessimism Removal (CPR):    -0.000ns

    Location             Delay type                Incr(ns)  Path(ns)    Netlist Resource(s)
  -------------------------------------------------------------------    -------------------
    A9                                                0.000     0.000 r  uart_rxd (IN)
                         net (fo=0)                   0.000     0.000    uart_rxd
    A9                   IBUF (Prop_ibuf_I_O)         0.294     0.294 r  uart_rxd_IBUF_inst/O
                         net (fo=1, routed)           1.267     1.561    impl_uart_rx/uart_rxd_IBUF
    SLICE_X8Y90          FDSE                                         r  impl_uart_rx/rxd_reg_0_reg/D
  -------------------------------------------------------------------    -------------------

                         (clock sys_clk_pin rise edge)
                                                      0.000     0.000 r  
    E3                                                0.000     0.000 r  clk (IN)
                         net (fo=0)                   0.000     0.000    clk
    E3                   IBUF (Prop_ibuf_I_O)         0.438     0.438 r  clk_IBUF_inst/O
                         net (fo=1, routed)           0.699     1.136    clk_IBUF
    BUFGCTRL_X0Y16       BUFG (Prop_bufg_I_O)         0.029     1.165 r  clk_IBUF_BUFG_inst/O
                         net (fo=492, routed)         0.845     2.010    impl_uart_rx/clk_IBUF_BUFG
    SLICE_X8Y90          FDSE                                         r  impl_uart_rx/rxd_reg_0_reg/C

Slack:                    inf
  Source:                 rstn
                            (input port)
  Destination:            impl_uart_tx/bit_counter_reg[0]/R
                            (rising edge-triggered cell FDRE clocked by sys_clk_pin  {rise@0.000ns fall@5.000ns period=10.000ns})
  Path Group:             (none)
  Path Type:              Hold (Min at Fast Process Corner)
  Data Path Delay:        1.669ns  (logic 0.320ns (19.162%)  route 1.349ns (80.838%))
  Logic Levels:           2  (IBUF=1 LUT4=1)
  Clock Path Skew:        2.005ns (DCD - SCD - CPR)
    Destination Clock Delay (DCD):    2.005ns
    Source Clock Delay      (SCD):    0.000ns
    Clock Pessimism Removal (CPR):    -0.000ns

    Location             Delay type                Incr(ns)  Path(ns)    Netlist Resource(s)
  -------------------------------------------------------------------    -------------------
    C2                                                0.000     0.000 f  rstn (IN)
                         net (fo=0)                   0.000     0.000    rstn
    C2                   IBUF (Prop_ibuf_I_O)         0.275     0.275 f  rstn_IBUF_inst/O
                         net (fo=14, routed)          1.229     1.504    impl_uart_tx/rstn_IBUF
    SLICE_X8Y103         LUT4 (Prop_lut4_I3_O)        0.045     1.549 r  impl_uart_tx/bit_counter[3]_i_1__0/O
                         net (fo=4, routed)           0.120     1.669    impl_uart_tx/bit_counter[3]_i_1__0_n_0
    SLICE_X10Y103        FDRE                                         r  impl_uart_tx/bit_counter_reg[0]/R
  -------------------------------------------------------------------    -------------------

                         (clock sys_clk_pin rise edge)
                                                      0.000     0.000 r  
    E3                                                0.000     0.000 r  clk (IN)
                         net (fo=0)                   0.000     0.000    clk
    E3                   IBUF (Prop_ibuf_I_O)         0.438     0.438 r  clk_IBUF_inst/O
                         net (fo=1, routed)           0.699     1.136    clk_IBUF
    BUFGCTRL_X0Y16       BUFG (Prop_bufg_I_O)         0.029     1.165 r  clk_IBUF_BUFG_inst/O
                         net (fo=492, routed)         0.840     2.005    impl_uart_tx/clk_IBUF_BUFG
    SLICE_X10Y103        FDRE                                         r  impl_uart_tx/bit_counter_reg[0]/C

Slack:                    inf
  Source:                 rstn
                            (input port)
  Destination:            impl_uart_tx/bit_counter_reg[1]/R
                            (rising edge-triggered cell FDRE clocked by sys_clk_pin  {rise@0.000ns fall@5.000ns period=10.000ns})
  Path Group:             (none)
  Path Type:              Hold (Min at Fast Process Corner)
  Data Path Delay:        1.669ns  (logic 0.320ns (19.162%)  route 1.349ns (80.838%))
  Logic Levels:           2  (IBUF=1 LUT4=1)
  Clock Path Skew:        2.005ns (DCD - SCD - CPR)
    Destination Clock Delay (DCD):    2.005ns
    Source Clock Delay      (SCD):    0.000ns
    Clock Pessimism Removal (CPR):    -0.000ns

    Location             Delay type                Incr(ns)  Path(ns)    Netlist Resource(s)
  -------------------------------------------------------------------    -------------------
    C2                                                0.000     0.000 f  rstn (IN)
                         net (fo=0)                   0.000     0.000    rstn
    C2                   IBUF (Prop_ibuf_I_O)         0.275     0.275 f  rstn_IBUF_inst/O
                         net (fo=14, routed)          1.229     1.504    impl_uart_tx/rstn_IBUF
    SLICE_X8Y103         LUT4 (Prop_lut4_I3_O)        0.045     1.549 r  impl_uart_tx/bit_counter[3]_i_1__0/O
                         net (fo=4, routed)           0.120     1.669    impl_uart_tx/bit_counter[3]_i_1__0_n_0
    SLICE_X10Y103        FDRE                                         r  impl_uart_tx/bit_counter_reg[1]/R
  -------------------------------------------------------------------    -------------------

                         (clock sys_clk_pin rise edge)
                                                      0.000     0.000 r  
    E3                                                0.000     0.000 r  clk (IN)
                         net (fo=0)                   0.000     0.000    clk
    E3                   IBUF (Prop_ibuf_I_O)         0.438     0.438 r  clk_IBUF_inst/O
                         net (fo=1, routed)           0.699     1.136    clk_IBUF
    BUFGCTRL_X0Y16       BUFG (Prop_bufg_I_O)         0.029     1.165 r  clk_IBUF_BUFG_inst/O
                         net (fo=492, routed)         0.840     2.005    impl_uart_tx/clk_IBUF_BUFG
    SLICE_X10Y103        FDRE                                         r  impl_uart_tx/bit_counter_reg[1]/C

Slack:                    inf
  Source:                 rstn
                            (input port)
  Destination:            impl_uart_tx/bit_counter_reg[2]/R
                            (rising edge-triggered cell FDRE clocked by sys_clk_pin  {rise@0.000ns fall@5.000ns period=10.000ns})
  Path Group:             (none)
  Path Type:              Hold (Min at Fast Process Corner)
  Data Path Delay:        1.669ns  (logic 0.320ns (19.162%)  route 1.349ns (80.838%))
  Logic Levels:           2  (IBUF=1 LUT4=1)
  Clock Path Skew:        2.005ns (DCD - SCD - CPR)
    Destination Clock Delay (DCD):    2.005ns
    Source Clock Delay      (SCD):    0.000ns
    Clock Pessimism Removal (CPR):    -0.000ns

    Location             Delay type                Incr(ns)  Path(ns)    Netlist Resource(s)
  -------------------------------------------------------------------    -------------------
    C2                                                0.000     0.000 f  rstn (IN)
                         net (fo=0)                   0.000     0.000    rstn
    C2                   IBUF (Prop_ibuf_I_O)         0.275     0.275 f  rstn_IBUF_inst/O
                         net (fo=14, routed)          1.229     1.504    impl_uart_tx/rstn_IBUF
    SLICE_X8Y103         LUT4 (Prop_lut4_I3_O)        0.045     1.549 r  impl_uart_tx/bit_counter[3]_i_1__0/O
                         net (fo=4, routed)           0.120     1.669    impl_uart_tx/bit_counter[3]_i_1__0_n_0
    SLICE_X10Y103        FDRE                                         r  impl_uart_tx/bit_counter_reg[2]/R
  -------------------------------------------------------------------    -------------------

                         (clock sys_clk_pin rise edge)
                                                      0.000     0.000 r  
    E3                                                0.000     0.000 r  clk (IN)
                         net (fo=0)                   0.000     0.000    clk
    E3                   IBUF (Prop_ibuf_I_O)         0.438     0.438 r  clk_IBUF_inst/O
                         net (fo=1, routed)           0.699     1.136    clk_IBUF
    BUFGCTRL_X0Y16       BUFG (Prop_bufg_I_O)         0.029     1.165 r  clk_IBUF_BUFG_inst/O
                         net (fo=492, routed)         0.840     2.005    impl_uart_tx/clk_IBUF_BUFG
    SLICE_X10Y103        FDRE                                         r  impl_uart_tx/bit_counter_reg[2]/C

Slack:                    inf
  Source:                 rstn
                            (input port)
  Destination:            impl_uart_tx/bit_counter_reg[3]/R
                            (rising edge-triggered cell FDRE clocked by sys_clk_pin  {rise@0.000ns fall@5.000ns period=10.000ns})
  Path Group:             (none)
  Path Type:              Hold (Min at Fast Process Corner)
  Data Path Delay:        1.669ns  (logic 0.320ns (19.162%)  route 1.349ns (80.838%))
  Logic Levels:           2  (IBUF=1 LUT4=1)
  Clock Path Skew:        2.005ns (DCD - SCD - CPR)
    Destination Clock Delay (DCD):    2.005ns
    Source Clock Delay      (SCD):    0.000ns
    Clock Pessimism Removal (CPR):    -0.000ns

    Location             Delay type                Incr(ns)  Path(ns)    Netlist Resource(s)
  -------------------------------------------------------------------    -------------------
    C2                                                0.000     0.000 f  rstn (IN)
                         net (fo=0)                   0.000     0.000    rstn
    C2                   IBUF (Prop_ibuf_I_O)         0.275     0.275 f  rstn_IBUF_inst/O
                         net (fo=14, routed)          1.229     1.504    impl_uart_tx/rstn_IBUF
    SLICE_X8Y103         LUT4 (Prop_lut4_I3_O)        0.045     1.549 r  impl_uart_tx/bit_counter[3]_i_1__0/O
                         net (fo=4, routed)           0.120     1.669    impl_uart_tx/bit_counter[3]_i_1__0_n_0
    SLICE_X10Y103        FDRE                                         r  impl_uart_tx/bit_counter_reg[3]/R
  -------------------------------------------------------------------    -------------------

                         (clock sys_clk_pin rise edge)
                                                      0.000     0.000 r  
    E3                                                0.000     0.000 r  clk (IN)
                         net (fo=0)                   0.000     0.000    clk
    E3                   IBUF (Prop_ibuf_I_O)         0.438     0.438 r  clk_IBUF_inst/O
                         net (fo=1, routed)           0.699     1.136    clk_IBUF
    BUFGCTRL_X0Y16       BUFG (Prop_bufg_I_O)         0.029     1.165 r  clk_IBUF_BUFG_inst/O
                         net (fo=492, routed)         0.840     2.005    impl_uart_tx/clk_IBUF_BUFG
    SLICE_X10Y103        FDRE                                         r  impl_uart_tx/bit_counter_reg[3]/C

Slack:                    inf
  Source:                 rstn
                            (input port)
  Destination:            impl_uart_tx/cycle_counter_reg[4]/R
                            (rising edge-triggered cell FDRE clocked by sys_clk_pin  {rise@0.000ns fall@5.000ns period=10.000ns})
  Path Group:             (none)
  Path Type:              Hold (Min at Fast Process Corner)
  Data Path Delay:        1.690ns  (logic 0.320ns (18.928%)  route 1.370ns (81.072%))
  Logic Levels:           2  (IBUF=1 LUT2=1)
  Clock Path Skew:        2.006ns (DCD - SCD - CPR)
    Destination Clock Delay (DCD):    2.006ns
    Source Clock Delay      (SCD):    0.000ns
    Clock Pessimism Removal (CPR):    -0.000ns

    Location             Delay type                Incr(ns)  Path(ns)    Netlist Resource(s)
  -------------------------------------------------------------------    -------------------
    C2                                                0.000     0.000 f  rstn (IN)
                         net (fo=0)                   0.000     0.000    rstn
    C2                   IBUF (Prop_ibuf_I_O)         0.275     0.275 f  rstn_IBUF_inst/O
                         net (fo=14, routed)          1.227     1.502    impl_uart_tx/rstn_IBUF
    SLICE_X10Y102        LUT2 (Prop_lut2_I1_O)        0.045     1.547 r  impl_uart_tx/cycle_counter[0]_i_1__0/O
                         net (fo=15, routed)          0.143     1.690    impl_uart_tx/cycle_counter[0]_i_1__0_n_0
    SLICE_X9Y102         FDRE                                         r  impl_uart_tx/cycle_counter_reg[4]/R
  -------------------------------------------------------------------    -------------------

                         (clock sys_clk_pin rise edge)
                                                      0.000     0.000 r  
    E3                                                0.000     0.000 r  clk (IN)
                         net (fo=0)                   0.000     0.000    clk
    E3                   IBUF (Prop_ibuf_I_O)         0.438     0.438 r  clk_IBUF_inst/O
                         net (fo=1, routed)           0.699     1.136    clk_IBUF
    BUFGCTRL_X0Y16       BUFG (Prop_bufg_I_O)         0.029     1.165 r  clk_IBUF_BUFG_inst/O
                         net (fo=492, routed)         0.841     2.006    impl_uart_tx/clk_IBUF_BUFG
    SLICE_X9Y102         FDRE                                         r  impl_uart_tx/cycle_counter_reg[4]/C

Slack:                    inf
  Source:                 rstn
                            (input port)
  Destination:            impl_uart_tx/cycle_counter_reg[5]/R
                            (rising edge-triggered cell FDRE clocked by sys_clk_pin  {rise@0.000ns fall@5.000ns period=10.000ns})
  Path Group:             (none)
  Path Type:              Hold (Min at Fast Process Corner)
  Data Path Delay:        1.690ns  (logic 0.320ns (18.928%)  route 1.370ns (81.072%))
  Logic Levels:           2  (IBUF=1 LUT2=1)
  Clock Path Skew:        2.006ns (DCD - SCD - CPR)
    Destination Clock Delay (DCD):    2.006ns
    Source Clock Delay      (SCD):    0.000ns
    Clock Pessimism Removal (CPR):    -0.000ns

    Location             Delay type                Incr(ns)  Path(ns)    Netlist Resource(s)
  -------------------------------------------------------------------    -------------------
    C2                                                0.000     0.000 f  rstn (IN)
                         net (fo=0)                   0.000     0.000    rstn
    C2                   IBUF (Prop_ibuf_I_O)         0.275     0.275 f  rstn_IBUF_inst/O
                         net (fo=14, routed)          1.227     1.502    impl_uart_tx/rstn_IBUF
    SLICE_X10Y102        LUT2 (Prop_lut2_I1_O)        0.045     1.547 r  impl_uart_tx/cycle_counter[0]_i_1__0/O
                         net (fo=15, routed)          0.143     1.690    impl_uart_tx/cycle_counter[0]_i_1__0_n_0
    SLICE_X9Y102         FDRE                                         r  impl_uart_tx/cycle_counter_reg[5]/R
  -------------------------------------------------------------------    -------------------

                         (clock sys_clk_pin rise edge)
                                                      0.000     0.000 r  
    E3                                                0.000     0.000 r  clk (IN)
                         net (fo=0)                   0.000     0.000    clk
    E3                   IBUF (Prop_ibuf_I_O)         0.438     0.438 r  clk_IBUF_inst/O
                         net (fo=1, routed)           0.699     1.136    clk_IBUF
    BUFGCTRL_X0Y16       BUFG (Prop_bufg_I_O)         0.029     1.165 r  clk_IBUF_BUFG_inst/O
                         net (fo=492, routed)         0.841     2.006    impl_uart_tx/clk_IBUF_BUFG
    SLICE_X9Y102         FDRE                                         r  impl_uart_tx/cycle_counter_reg[5]/C

Slack:                    inf
  Source:                 rstn
                            (input port)
  Destination:            impl_uart_tx/cycle_counter_reg[6]/R
                            (rising edge-triggered cell FDRE clocked by sys_clk_pin  {rise@0.000ns fall@5.000ns period=10.000ns})
  Path Group:             (none)
  Path Type:              Hold (Min at Fast Process Corner)
  Data Path Delay:        1.690ns  (logic 0.320ns (18.928%)  route 1.370ns (81.072%))
  Logic Levels:           2  (IBUF=1 LUT2=1)
  Clock Path Skew:        2.006ns (DCD - SCD - CPR)
    Destination Clock Delay (DCD):    2.006ns
    Source Clock Delay      (SCD):    0.000ns
    Clock Pessimism Removal (CPR):    -0.000ns

    Location             Delay type                Incr(ns)  Path(ns)    Netlist Resource(s)
  -------------------------------------------------------------------    -------------------
    C2                                                0.000     0.000 f  rstn (IN)
                         net (fo=0)                   0.000     0.000    rstn
    C2                   IBUF (Prop_ibuf_I_O)         0.275     0.275 f  rstn_IBUF_inst/O
                         net (fo=14, routed)          1.227     1.502    impl_uart_tx/rstn_IBUF
    SLICE_X10Y102        LUT2 (Prop_lut2_I1_O)        0.045     1.547 r  impl_uart_tx/cycle_counter[0]_i_1__0/O
                         net (fo=15, routed)          0.143     1.690    impl_uart_tx/cycle_counter[0]_i_1__0_n_0
    SLICE_X9Y102         FDRE                                         r  impl_uart_tx/cycle_counter_reg[6]/R
  -------------------------------------------------------------------    -------------------

                         (clock sys_clk_pin rise edge)
                                                      0.000     0.000 r  
    E3                                                0.000     0.000 r  clk (IN)
                         net (fo=0)                   0.000     0.000    clk
    E3                   IBUF (Prop_ibuf_I_O)         0.438     0.438 r  clk_IBUF_inst/O
                         net (fo=1, routed)           0.699     1.136    clk_IBUF
    BUFGCTRL_X0Y16       BUFG (Prop_bufg_I_O)         0.029     1.165 r  clk_IBUF_BUFG_inst/O
                         net (fo=492, routed)         0.841     2.006    impl_uart_tx/clk_IBUF_BUFG
    SLICE_X9Y102         FDRE                                         r  impl_uart_tx/cycle_counter_reg[6]/C





